安徽省,,
澳门特别行政区,,
北京市,,
福建省,,
甘肃省,,
广东省,,
广西壮族自治区,,
贵州省,,
海南省,,
河北省,,
河南省,,
黑龙江省,,
湖北省,,
湖南省,,
吉林省,,
江苏省,,
江西省,,
辽宁省,,
内蒙古自治区,,
宁夏回族自治区,,
青海省,,
山东省,,
山西省,,
陕西省,,
上海市,,
四川省,,
台湾省,,
天津市,,
西藏自治区,,
香港特别行政区,,
新疆维吾尔自治区,,
云南省,,
浙江省,,
重庆市,,
安徽,安徽省,
澳门,澳门特别行政区,
北京,北京市,
福建,福建省,
甘肃,甘肃省,
广东,广东省,
广西,广西壮族自治区,
贵州,贵州省,
海南,海南省,
河北,河北省,
河南,河南省,
黑龙江,黑龙江省,
湖北,湖北省,
湖南,湖南省,
吉林,吉林省,
江苏,江苏省,
江西,江西省,
辽宁,辽宁省,
内蒙古,内蒙古自治区,
宁夏,宁夏回族自治区,
青海,青海省,
山东,山东省,
山西,山西省,
陕西,陕西省,
上海,上海市,
四川,四川省,
台湾,台湾省,
天津,天津市,
西藏,西藏自治区,
香港,香港特别行政区,
新疆,新疆维吾尔自治区,
云南,云南省,
浙江,浙江省,
重庆,重庆市,
淮南市,安徽省,
蚌埠市,安徽省,
合肥市,安徽省,
马鞍山市,安徽省,
安庆市,安徽省,
宿州市,安徽省,
滁州市,安徽省,
池州市,安徽省,
淮北市,安徽省,
芜湖市,安徽省,
阜阳市,安徽省,
宣城市,安徽省,
黄山市,安徽省,
六安市,安徽省,
铜陵市,安徽省,
亳州市,安徽省,
澳门特别行政区,澳门特别行政区,
福州市,福建省,
龙岩市,福建省,
南平市,福建省,
宁德市,福建省,
泉州市,福建省,
莆田市,福建省,
三明市,福建省,
漳州市,福建省,
厦门市,福建省,
酒泉市,甘肃省,
定西市,甘肃省,
兰州市,甘肃省,
白银市,甘肃省,
陇南市,甘肃省,
平凉市,甘肃省,
甘南藏族自治州,甘肃省,
临夏回族自治州,甘肃省,
天水市,甘肃省,
张掖市,甘肃省,
武威市,甘肃省,
庆阳市,甘肃省,
嘉峪关市,甘肃省,
金昌市,甘肃省,
广州市,广东省,
深圳市,广东省,
惠州市,广东省,
佛山市,广东省,
潮州市,广东省,
汕头市,广东省,
汕尾市,广东省,
湛江市,广东省,
梅州市,广东省,
肇庆市,广东省,
茂名市,广东省,
东莞市,广东省,
河源市,广东省,
珠海市,广东省,
江门市,广东省,
清远市,广东省,
揭阳市,广东省,
阳江市,广东省,
韶关市,广东省,
云浮市,广东省,
中山市,广东省,
贺州市,广西壮族自治区,
河池市,广西壮族自治区,
玉林市,广西壮族自治区,
南宁市,广西壮族自治区,
梧州市,广西壮族自治区,
柳州市,广西壮族自治区,
崇左市,广西壮族自治区,
百色市,广西壮族自治区,
桂林市,广西壮族自治区,
防城港市,广西壮族自治区,
贵港市,广西壮族自治区,
北海市,广西壮族自治区,
来宾市,广西壮族自治区,
钦州市,广西壮族自治区,
黔西南布依族苗族自治州,贵州省,
贵阳市,贵州省,
铜仁市,贵州省,
黔东南苗族侗族自治州,贵州省,
遵义市,贵州省,
毕节市,贵州省,
黔南布依族苗族自治州,贵州省,
安顺市,贵州省,
六盘水市,贵州省,
海口市,海南省,
三亚市,海南省,
廊坊市,河北省,
保定市,河北省,
衡水市,河北省,
邢台市,河北省,
秦皇岛市,河北省,
沧州市,河北省,
唐山市,河北省,
邯郸市,河北省,
承德市,河北省,
张家口市,河北省,
石家庄市,河北省,
安阳市,河南省,
平顶山市,河南省,
焦作市,河南省,
洛阳市,河南省,
周口市,河南省,
郑州市,河南省,
南阳市,河南省,
濮阳市,河南省,
新乡市,河南省,
信阳市,河南省,
鹤壁市,河南省,
三门峡市,河南省,
开封市,河南省,
商丘市,河南省,
漯河市,河南省,
驻马店市,河南省,
许昌市,河南省,
哈尔滨市,黑龙江省,
黑河市,黑龙江省,
牡丹江市,黑龙江省,
绥化市,黑龙江省,
齐齐哈尔市,黑龙江省,
双鸭山市,黑龙江省,
七台河市,黑龙江省,
鸡西市,黑龙江省,
伊春市,黑龙江省,
大庆市,黑龙江省,
鹤岗市,黑龙江省,
佳木斯市,黑龙江省,
大兴安岭地区,黑龙江省,
孝感市,湖北省,
恩施土家族苗族自治州,湖北省,
襄阳市,湖北省,
武汉市,湖北省,
随州市,湖北省,
咸宁市,湖北省,
黄石市,湖北省,
十堰市,湖北省,
宜昌市,湖北省,
荆门市,湖北省,
鄂州市,湖北省,
荆州市,湖北省,
黄冈市,湖北省,
益阳市,湖南省,
郴州市,湖南省,
常德市,湖南省,
湘西土家族苗族自治州,湖南省,
邵阳市,湖南省,
株洲市,湖南省,
衡阳市,湖南省,
怀化市,湖南省,
张家界市,湖南省,
永州市,湖南省,
长沙市,湖南省,
岳阳市,湖南省,
娄底市,湖南省,
湘潭市,湖南省,
延边朝鲜族自治州,吉林省,
吉林市,吉林省,
长春市,吉林省,
白城市,吉林省,
通化市,吉林省,
辽源市,吉林省,
松原市,吉林省,
白山市,吉林省,
四平市,吉林省,
扬州市,江苏省,
无锡市,江苏省,
盐城市,江苏省,
苏州市,江苏省,
南通市,江苏省,
镇江市,江苏省,
连云港市,江苏省,
徐州市,江苏省,
南京市,江苏省,
泰州市,江苏省,
淮安市,江苏省,
常州市,江苏省,
宿迁市,江苏省,
吉安市,江西省,
南昌市,江西省,
萍乡市,江西省,
赣州市,江西省,
景德镇市,江西省,
抚州市,江西省,
九江市,江西省,
上饶市,江西省,
新余市,江西省,
宜春市,江西省,
鹰潭市,江西省,
营口市,辽宁省,
辽阳市,辽宁省,
朝阳市,辽宁省,
锦州市,辽宁省,
本溪市,辽宁省,
铁岭市,辽宁省,
沈阳市,辽宁省,
盘锦市,辽宁省,
丹东市,辽宁省,
抚顺市,辽宁省,
阜新市,辽宁省,
大连市,辽宁省,
鞍山市,辽宁省,
葫芦岛市,辽宁省,
锡林郭勒盟,内蒙古自治区,
兴安盟,内蒙古自治区,
阿拉善盟,内蒙古自治区,
赤峰市,内蒙古自治区,
呼伦贝尔市,内蒙古自治区,
包头市,内蒙古自治区,
乌兰察布市,内蒙古自治区,
鄂尔多斯市,内蒙古自治区,
巴彦淖尔市,内蒙古自治区,
乌海市,内蒙古自治区,
呼和浩特市,内蒙古自治区,
通辽市,内蒙古自治区,
石嘴山市,宁夏回族自治区,
中卫市,宁夏回族自治区,
银川市,宁夏回族自治区,
吴忠市,宁夏回族自治区,
固原市,宁夏回族自治区,
果洛藏族自治州,青海省,
玉树藏族自治州,青海省,
西宁市,青海省,
海西蒙古族藏族自治州,青海省,
海北藏族自治州,青海省,
海南藏族自治州,青海省,
黄南藏族自治州,青海省,
海东地区,青海省,
潍坊市,山东省,
滨州市,山东省,
淄博市,山东省,
临沂市,山东省,
菏泽市,山东省,
青岛市,山东省,
聊城市,山东省,
泰安市,山东省,
德州市,山东省,
日照市,山东省,
东营市,山东省,
烟台市,山东省,
莱芜市,山东省,
济南市,山东省,
威海市,山东省,
济宁市,山东省,
枣庄市,山东省,
临汾市,山西省,
忻州市,山西省,
大同市,山西省,
阳泉市,山西省,
晋城市,山西省,
长治市,山西省,
吕梁市,山西省,
太原市,山西省,
晋中市,山西省,
运城市,山西省,
朔州市,山西省,
延安市,陕西省,
西安市,陕西省,
安康市,陕西省,
渭南市,陕西省,
咸阳市,陕西省,
宝鸡市,陕西省,
汉中市,陕西省,
商洛市,陕西省,
榆林市,陕西省,
铜川市,陕西省,
阿坝藏族羌族自治州,四川省,
遂宁市,四川省,
绵阳市,四川省,
资阳市,四川省,
甘孜藏族自治州,四川省,
巴中市,四川省,
雅安市,四川省,
凉山彝族自治州,四川省,
广元市,四川省,
成都市,四川省,
宜宾市,四川省,
达州市,四川省,
自贡市,四川省,
眉山市,四川省,
攀枝花市,四川省,
内江市,四川省,
乐山市,四川省,
南充市,四川省,
泸州市,四川省,
广安市,四川省,
德阳市,四川省,
嘉义县,台湾省,
高雄市,台湾省,
台南市,台湾省,
基隆市,台湾省,
桃园市,台湾省,
新北市,台湾省,
澎湖县,台湾省,
云林县,台湾省,
新竹县,台湾省,
台东县,台湾省,
彰化县,台湾省,
新竹市,台湾省,
台中市,台湾省,
台北市,台湾省,
南投县,台湾省,
屏东县,台湾省,
苗栗县,台湾省,
宜兰县,台湾省,
嘉义市,台湾省,
花莲县,台湾省,
天津市,天津市,
那曲地区,西藏自治区,
日喀则地区,西藏自治区,
昌都地区,西藏自治区,
林芝地区,西藏自治区,
拉萨市,西藏自治区,
山南地区,西藏自治区,
阿里地区,西藏自治区,
日喀则市,西藏自治区,
林芝市,西藏自治区,
昌都市,西藏自治区,
香港特别行政区,香港特别行政区,
克孜勒苏柯尔克孜自治州,新疆维吾尔自治区,
阿克苏地区,新疆维吾尔自治区,
阿勒泰地区,新疆维吾尔自治区,
喀什地区,新疆维吾尔自治区,
哈密地区,新疆维吾尔自治区,
克拉玛依市,新疆维吾尔自治区,
巴音郭楞蒙古自治州,新疆维吾尔自治区,
博尔塔拉蒙古自治州,新疆维吾尔自治区,
和田地区,新疆维吾尔自治区,
伊犁哈萨克自治州,新疆维吾尔自治区,
昌吉回族自治州,新疆维吾尔自治区,
乌鲁木齐市,新疆维吾尔自治区,
塔城地区,新疆维吾尔自治区,
吐鲁番地区,新疆维吾尔自治区,
哈密市,新疆维吾尔自治区,
吐鲁番市,新疆维吾尔自治区,
昆明市,云南省,
大理白族自治州,云南省,
临沧市,云南省,
保山市,云南省,
玉溪市,云南省,
楚雄彝族自治州,云南省,
昭通市,云南省,
迪庆藏族自治州,云南省,
怒江傈僳族自治州,云南省,
文山壮族苗族自治州,云南省,
曲靖市,云南省,
红河哈尼族彝族自治州,云南省,
丽江市,云南省,
普洱市,云南省,
西双版纳傣族自治州,云南省,
德宏傣族景颇族自治州,云南省,
湖州市,浙江省,
宁波市,浙江省,
杭州市,浙江省,
温州市,浙江省,
衢州市,浙江省,
舟山市,浙江省,
金华市,浙江省,
嘉兴市,浙江省,
台州市,浙江省,
丽水市,浙江省,
绍兴市,浙江省,
淮南,安徽省,
蚌埠,安徽省,
合肥,安徽省,
马鞍山,安徽省,
安庆,安徽省,
宿州,安徽省,
滁州,安徽省,
池州,安徽省,
淮北,安徽省,
芜湖,安徽省,
阜阳,安徽省,
宣城,安徽省,
黄山,安徽省,
六安,安徽省,
铜陵,安徽省,
亳州,安徽省,
澳门,澳门特别行政区,
福州,福建省,
龙岩,福建省,
南平,福建省,
宁德,福建省,
泉州,福建省,
莆田,福建省,
三明,福建省,
漳州,福建省,
厦门,福建省,
酒泉,甘肃省,
定西,甘肃省,
兰州,甘肃省,
白银,甘肃省,
陇南,甘肃省,
平凉,甘肃省,
甘南藏族自治州,甘肃省,
甘肃甘南,甘肃省,
临夏回族自治州,甘肃省,
甘肃临夏,甘肃省,
天水,甘肃省,
张掖,甘肃省,
武威,甘肃省,
庆阳,甘肃省,
嘉峪关,甘肃省,
金昌,甘肃省,
广州,广东省,
深圳,广东省,
惠州,广东省,
佛山,广东省,
潮州,广东省,
汕头,广东省,
汕尾,广东省,
湛江,广东省,
梅州,广东省,
肇庆,广东省,
茂名,广东省,
东莞,广东省,
河源,广东省,
珠海,广东省,
江门,广东省,
清远,广东省,
揭阳,广东省,
阳江,广东省,
韶关,广东省,
云浮,广东省,
中山,广东省,
贺州,广西壮族自治区,
河池,广西壮族自治区,
玉林,广西壮族自治区,
南宁,广西壮族自治区,
梧州,广西壮族自治区,
柳州,广西壮族自治区,
崇左,广西壮族自治区,
百色,广西壮族自治区,
桂林,广西壮族自治区,
防城港,广西壮族自治区,
贵港,广西壮族自治区,
北海,广西壮族自治区,
来宾,广西壮族自治区,
钦州,广西壮族自治区,
黔西南布依族苗族自治州,贵州省,
贵阳,贵州省,
铜仁,贵州省,
黔东南苗族侗族自治州,贵州省,
遵义,贵州省,
毕节,贵州省,
黔南布依族苗族自治州,贵州省,
安顺,贵州省,
六盘水,贵州省,
海口,海南省,
三亚,海南省,
廊坊,河北省,
保定,河北省,
衡水,河北省,
邢台,河北省,
秦皇岛,河北省,
沧州,河北省,
唐山,河北省,
邯郸,河北省,
承德,河北省,
张家口,河北省,
石家庄,河北省,
安阳,河南省,
平顶山,河南省,
焦作,河南省,
洛阳,河南省,
周口,河南省,
郑州,河南省,
南阳,河南省,
濮阳,河南省,
新乡,河南省,
信阳,河南省,
鹤壁,河南省,
三门峡,河南省,
开封,河南省,
商丘,河南省,
漯河,河南省,
驻马店,河南省,
许昌,河南省,
哈尔滨,黑龙江省,
黑河,黑龙江省,
牡丹江,黑龙江省,
绥化,黑龙江省,
齐齐哈尔,黑龙江省,
双鸭山,黑龙江省,
七台河,黑龙江省,
鸡西,黑龙江省,
伊春,黑龙江省,
大庆,黑龙江省,
鹤岗,黑龙江省,
佳木斯,黑龙江省,
大兴安岭,黑龙江省,
孝感,湖北省,
恩施土家族苗族自治州,湖北省,
襄阳,湖北省,
武汉,湖北省,
随州,湖北省,
咸宁,湖北省,
黄石,湖北省,
十堰,湖北省,
宜昌,湖北省,
荆门,湖北省,
鄂州,湖北省,
荆州,湖北省,
黄冈,湖北省,
益阳,湖南省,
郴州,湖南省,
常德,湖南省,
湘西土家族苗族自治州,湖南省,
邵阳,湖南省,
株洲,湖南省,
衡阳,湖南省,
怀化,湖南省,
张家界,湖南省,
永州,湖南省,
长沙,湖南省,
岳阳,湖南省,
娄底,湖南省,
湘潭,湖南省,
延边朝鲜族自治州,吉林省,
吉林,吉林省,
长春,吉林省,
白城,吉林省,
通化,吉林省,
辽源,吉林省,
松原,吉林省,
四平,吉林省,
扬州,江苏省,
无锡,江苏省,
盐城,江苏省,
苏州,江苏省,
南通,江苏省,
镇江,江苏省,
连云港,江苏省,
徐州,江苏省,
南京,江苏省,
泰州,江苏省,
淮安,江苏省,
常州,江苏省,
宿迁,江苏省,
吉安,江西省,
南昌,江西省,
萍乡,江西省,
赣州,江西省,
景德镇,江西省,
抚州,江西省,
九江,江西省,
上饶,江西省,
新余,江西省,
宜春,江西省,
鹰潭,江西省,
营口,辽宁省,
辽阳,辽宁省,
朝阳,辽宁省,
锦州,辽宁省,
本溪,辽宁省,
铁岭,辽宁省,
沈阳,辽宁省,
盘锦,辽宁省,
丹东,辽宁省,
抚顺,辽宁省,
阜新,辽宁省,
大连,辽宁省,
鞍山,辽宁省,
葫芦岛,辽宁省,
锡林郭勒盟,内蒙古自治区,
兴安盟,内蒙古自治区,
阿拉善盟,内蒙古自治区,
赤峰,内蒙古自治区,
呼伦贝尔,内蒙古自治区,
包头,内蒙古自治区,
乌兰察布,内蒙古自治区,
鄂尔多斯,内蒙古自治区,
巴彦淖尔,内蒙古自治区,
乌海,内蒙古自治区,
呼和浩特,内蒙古自治区,
通辽,内蒙古自治区,
石嘴山,宁夏回族自治区,
中卫,宁夏回族自治区,
银川,宁夏回族自治区,
吴忠,宁夏回族自治区,
固原,宁夏回族自治区,
果洛,青海省,
青海果洛,青海省,
果洛藏族自治州,青海省,
玉树,青海省,
青海玉树,青海省,
玉树藏族自治州,青海省,
西宁,青海省,
海西蒙古族藏族自治州,青海省,
海北藏族自治州,青海省,
海南藏族自治州,青海省,
黄南藏族自治州,青海省,
海东地区,青海省,
潍坊,山东省,
滨州,山东省,
淄博,山东省,
临沂,山东省,
菏泽,山东省,
青岛,山东省,
聊城,山东省,
泰安,山东省,
德州,山东省,
日照,山东省,
东营,山东省,
烟台,山东省,
莱芜,山东省,
济南,山东省,
威海,山东省,
济宁,山东省,
枣庄,山东省,
临汾,山西省,
忻州,山西省,
大同,山西省,
阳泉,山西省,
晋城,山西省,
长治,山西省,
吕梁,山西省,
太原,山西省,
晋中,山西省,
运城,山西省,
朔州,山西省,
延安,陕西省,
西安,陕西省,
安康,陕西省,
渭南,陕西省,
咸阳,陕西省,
宝鸡,陕西省,
汉中,陕西省,
商洛,陕西省,
榆林,陕西省,
铜川,陕西省,
阿坝藏族羌族自治州,四川省,
遂宁,四川省,
绵阳,四川省,
资阳,四川省,
甘孜藏族自治州,四川省,
巴中,四川省,
雅安,四川省,
凉山彝族自治州,四川省,
广元,四川省,
成都,四川省,
宜宾,四川省,
达州,四川省,
自贡,四川省,
眉山,四川省,
攀枝花,四川省,
内江,四川省,
乐山,四川省,
南充,四川省,
泸州,四川省,
广安,四川省,
德阳,四川省,
嘉义,台湾省,
高雄,台湾省,
台南,台湾省,
基隆,台湾省,
桃园,台湾省,
新北,台湾省,
澎湖,台湾省,
云林,台湾省,
新竹,台湾省,
台东,台湾省,
彰化,台湾省,
新竹,台湾省,
台中,台湾省,
台北,台湾省,
南投,台湾省,
屏东,台湾省,
苗栗,台湾省,
宜兰,台湾省,
嘉义,台湾省,
花莲,台湾省,
天津,天津市,
那曲地区,西藏自治区,
日喀则地区,西藏自治区,
昌都地区,西藏自治区,
林芝地区,西藏自治区,
拉萨,西藏自治区,
山南地区,西藏自治区,
阿里地区,西藏自治区,
日喀则,西藏自治区,
林芝,西藏自治区,
昌都,西藏自治区,
香港特别行政,香港特别行政区,
克孜勒苏柯尔克孜自治州,新疆维吾尔自治区,
阿克苏地区,新疆维吾尔自治区,
阿勒泰地区,新疆维吾尔自治区,
喀什地区,新疆维吾尔自治区,
哈密地区,新疆维吾尔自治区,
克拉玛依市,新疆维吾尔自治区,
巴音郭楞蒙古自治州,新疆维吾尔自治区,
博尔塔拉蒙古自治州,新疆维吾尔自治区,
和田地区,新疆维吾尔自治区,
伊犁哈萨克自治州,新疆维吾尔自治区,
昌吉回族自治州,新疆维吾尔自治区,
乌鲁木齐,新疆维吾尔自治区,
塔城地区,新疆维吾尔自治区,
吐鲁番地区,新疆维吾尔自治区,
哈密,新疆维吾尔自治区,
吐鲁番,新疆维吾尔自治区,
昆明,云南省,
大理白族自治州,云南省,
临沧,云南省,
保山,云南省,
玉溪,云南省,
楚雄彝族自治州,云南省,
昭通,云南省,
迪庆藏族自治州,云南省,
怒江傈僳族自治州,云南省,
文山壮族苗族自治州,云南省,
曲靖,云南省,
红河哈尼族彝族自治州,云南省,
丽江,云南省,
普洱,云南省,
西双版纳傣族自治州,云南省,
德宏傣族景颇族自治州,云南省,
湖州,浙江省,
宁波,浙江省,
杭州,浙江省,
温州,浙江省,
衢州,浙江省,
舟山,浙江省,
金华,浙江省,
嘉兴,浙江省,
台州,浙江省,
丽水,浙江省,
绍兴,浙江省,
阿巴嘎旗,锡林郭勒盟,内蒙古自治区
阿坝县,阿坝藏族羌族自治州,四川省
阿城区,哈尔滨市,黑龙江省
阿尔山市,兴安盟,内蒙古自治区
阿合奇县,克孜勒苏柯尔克孜自治州,新疆维吾尔自治区
阿克塞哈萨克族自治县,酒泉市,甘肃省
阿克苏市,阿克苏地区,新疆维吾尔自治区
阿克陶县,克孜勒苏柯尔克孜自治州,新疆维吾尔自治区
阿拉尔市,,新疆维吾尔自治区
阿拉善右旗,阿拉善盟,内蒙古自治区
阿拉善左旗,阿拉善盟,内蒙古自治区
阿里山乡,嘉义县,台湾省
阿莲区,高雄市,台湾省
阿鲁科尔沁旗,赤峰市,内蒙古自治区
阿荣旗,呼伦贝尔市,内蒙古自治区
爱辉区,黑河市,黑龙江省
爱民区,牡丹江市,黑龙江省
安次区,廊坊市,河北省
安达市,绥化市,黑龙江省
安定区,定西市,甘肃省
安定区,台南市,台湾省
安多县,那曲地区,西藏自治区
安福县,吉安市,江西省
安国市,保定市,河北省
安化县,益阳市,湖南省
安居区,遂宁市,四川省
安乐区,基隆市,台湾省
安龙县,黔西南布依族苗族自治州,贵州省
安陆市,孝感市,湖北省
安南区,台南市,台湾省
安宁区,兰州市,甘肃省
安平区,台南市,台湾省
安平县,衡水市,河北省
安丘市,潍坊市,山东省
安仁县,郴州市,湖南省
安塞县,延安市,陕西省
安图县,延边朝鲜族自治州,吉林省
安溪县,泉州市,福建省
安乡县,常德市,湖南省
安新县,保定市,河北省
安阳县,安阳市,河南省
安义县,南昌市,江西省
安源区,萍乡市,江西省
安远县,赣州市,江西省
安岳县,资阳市,四川省
安泽县,临汾市,山西省
安州区,绵阳市,四川省
昂昂溪区,齐齐哈尔市,黑龙江省
昂仁县,日喀则地区,西藏自治区
敖汉旗,赤峰市,内蒙古自治区
澳门半岛,澳门特别行政区,澳门特别行政区
八步区,贺州市,广西壮族自治区
八德市,桃园市,台湾省
八公山区,淮南市,安徽省
八里区,新北市,台湾省
八宿县,昌都地区,西藏自治区
巴东县,恩施土家族苗族自治州,湖北省
巴林右旗,赤峰市,内蒙古自治区
巴林左旗,赤峰市,内蒙古自治区
巴马瑶族自治县,河池市,广西壮族自治区
巴青县,那曲地区,西藏自治区
巴塘县,甘孜藏族自治州,四川省
巴彦县,哈尔滨市,黑龙江省
巴宜区,林芝市,西藏自治区
巴州区,巴中市,四川省
鲅鱼圈区,营口市,辽宁省
霸州市,廊坊市,河北省
灞桥区,西安市,陕西省
白河区,台南市,台湾省
白河县,安康市,陕西省
白朗县,日喀则地区,西藏自治区
白沙黎族自治县,,海南省
白沙乡,澎湖县,台湾省
白水县,渭南市,陕西省
白塔区,辽阳市,辽宁省
白银区,白银市,甘肃省
白玉县,甘孜藏族自治州,四川省
白云鄂博矿区,包头市,内蒙古自治区
白云区,广州市,广东省
白云区,贵阳市,贵州省
柏乡县,邢台市,河北省
拜泉县,齐齐哈尔市,黑龙江省
班戈县,那曲地区,西藏自治区
班玛县,果洛藏族自治州,青海省
板桥区,新北市,台湾省
蚌山区,蚌埠市,安徽省
包河区,合肥市,安徽省
褒忠乡,云林县,台湾省
宝安区,深圳市,广东省
宝坻区,天津市,天津市
宝丰县,平顶山市,河南省
宝清县,双鸭山市,黑龙江省
宝山区,双鸭山市,黑龙江省
宝山区,,上海市
宝山乡,新竹县,台湾省
宝塔区,延安市,陕西省
宝兴县,雅安市,四川省
宝应县,扬州市,江苏省
保德县,忻州市,山西省
保靖县,湘西土家族苗族自治州,湖南省
保康县,襄阳市,湖北省
保亭黎族苗族自治县,,海南省
卑南乡,台东县,台湾省
碑林区,西安市,陕西省
北安市,黑河市,黑龙江省
北辰区,天津市,天津市
北川羌族自治县,绵阳市,四川省
北戴河区,秦皇岛市,河北省
北斗镇,彰化县,台湾省
北港镇,云林县,台湾省
北关区,安阳市,河南省
北湖区,郴州市,湖南省
北林区,绥化市,黑龙江省
北流市,玉林市,广西壮族自治区
北门区,台南市,台湾省
北票市,朝阳市,辽宁省
北埔乡,新竹县,台湾省
北区,新竹市,台湾省
北区,台南市,台湾省
北区,台中市,台湾省
北区,香港特别行政区,香港特别行政区
北市区,保定市,河北省
北塔区,邵阳市,湖南省
北塘区,无锡市,江苏省
北投区,台北市,台湾省
北屯区,台中市,台湾省
北镇市,锦州市,辽宁省
本溪满族自治县,本溪市,辽宁省
比如县,那曲地区,西藏自治区
碧江区,铜仁市,贵州省
边坝县,昌都地区,西藏自治区
宾县,哈尔滨市,黑龙江省
宾阳县,南宁市,广西壮族自治区
彬县,咸阳市,陕西省
滨城区,滨州市,山东省
滨海县,盐城市,江苏省
滨海新区,天津市,天津市
滨湖区,无锡市,江苏省
波密县,林芝地区,西藏自治区
播州区,遵义市,贵州省
泊头市,沧州市,河北省
勃利县,七台河市,黑龙江省
博爱县,焦作市,河南省
博白县,玉林市,广西壮族自治区
博罗县,惠州市,广东省
博山区,淄博市,山东省
博望区,马鞍山市,安徽省
博兴县,滨州市,山东省
博野县,保定市,河北省
布袋镇,嘉义县,台湾省
布拖县,凉山彝族自治州,四川省
蔡甸区,武汉市,湖北省
仓山区,福州市,福建省
苍山县,临沂市,山东省
苍梧县,梧州市,广西壮族自治区
苍溪县,广元市,四川省
沧县,沧州市,河北省
曹妃甸区,唐山市,河北省
曹县,菏泽市,山东省
草屯镇,南投县,台湾省
册亨县,黔西南布依族苗族自治州,贵州省
岑巩县,黔东南苗族侗族自治州,贵州省
岑溪市,梧州市,广西壮族自治区
曾都区,随州市,湖北省
茶陵县,株洲市,湖南省
察哈尔右翼后旗,乌兰察布市,内蒙古自治区
察哈尔右翼前旗,乌兰察布市,内蒙古自治区
察哈尔右翼中旗,乌兰察布市,内蒙古自治区
察雅县,昌都地区,西藏自治区
察隅县,林芝地区,西藏自治区
禅城区,佛山市,广东省
e河回族区,洛阳市,河南省
昌都县,昌都地区,西藏自治区
昌江黎族自治县,,海南省
昌江区,景德镇市,江西省
昌乐县,潍坊市,山东省
昌黎县,秦皇岛市,河北省
昌平区,北京市,北京市
昌图县,铁岭市,辽宁省
昌邑区,吉林市,吉林省
昌邑市,潍坊市,山东省
常宁市,衡阳市,湖南省
常熟市,苏州市,江苏省
巢湖市,合肥市,安徽省
朝天区,广元市,四川省
朝阳区,北京市,北京市
朝阳区,长春市,吉林省
朝阳县,朝阳市,辽宁省
潮安县,潮州市,广东省
潮南区,汕头市,广东省
潮阳区,汕头市,广东省
潮州镇,屏东县,台湾省
车城乡,屏东县,台湾省
辰溪县,怀化市,湖南省
陈巴尔虎旗,呼伦贝尔市,内蒙古自治区
陈仓区,宝鸡市,陕西省
称多县,玉树藏族自治州,青海省
成安县,邯郸市,河北省
成功镇,台东县,台湾省
成华区,成都市,四川省
成武县,菏泽市,山东省
成县,陇南市,甘肃省
承德县,承德市,河北省
城北区,西宁市,青海省
城步苗族自治县,邵阳市,湖南省
城东区,西宁市,青海省
城固县,汉中市,陕西省
城关区,兰州市,甘肃省
城关区,拉萨市,西藏自治区
城区,汕尾市,广东省
城区,大同市,山西省
城区,阳泉市,山西省
城区,晋城市,山西省
城区,长治市,山西省
城西区,西宁市,青海省
城厢区,莆田市,福建省
城阳区,青岛市,山东省
城中区,柳州市,广西壮族自治区
城中区,西宁市,青海省
城子河区,鸡西市,黑龙江省
澄城县,渭南市,陕西省
澄海区,汕头市,广东省
澄迈县,,海南省
池上乡,台东县,台湾省
茌平县,聊城市,山东省
赤壁市,咸宁市,湖北省
赤城县,张家口市,河北省
赤坎区,湛江市,广东省
赤水市,遵义市,贵州省
崇安区,无锡市,江苏省
崇川区,南通市,江苏省
崇礼县,张家口市,河北省
崇明县,,上海市
崇仁县,抚州市,江西省
崇信县,平凉市,甘肃省
崇阳县,咸宁市,湖北省
崇义县,赣州市,江西省
崇州市,成都市,四川省
川汇区,周口市,河南省
船山区,遂宁市,四川省
船营区,吉林市,吉林省
春日乡,屏东县,台湾省
淳化县,咸阳市,陕西省
慈利县,张家界市,湖南省
磁县,邯郸市,河北省
桐乡,云林县,台湾省
枞阳县,安庆市,安徽省
从化市,广州市,广东省
从江县,黔东南苗族侗族自治州,贵州省
丛台区,邯郸市,河北省
翠峦区,伊春市,黑龙江省
翠屏区,宜宾市,四川省
措美县,山南地区,西藏自治区
措勤县,阿里地区,西藏自治区
错那县,山南地区,西藏自治区
达川区,达州市,四川省
达尔罕茂明安联合旗,包头市,内蒙古自治区
达拉特旗,鄂尔多斯市,内蒙古自治区
达仁乡,台东县,台湾省
达日县,果洛藏族自治州,青海省
达孜县,拉萨市,西藏自治区
大安区,自贡市,四川省
大安区,台中市,台湾省
大安区,台北市,台湾省
大安市,白城市,吉林省
大柴旦行政委员会,海西蒙古族藏族自治州,青海省
大厂回族自治县,廊坊市,河北省
大城县,廊坊市,河北省
大城乡,彰化县,台湾省
大村乡,彰化县,台湾省
大东区,沈阳市,辽宁省
大肚区,台中市,台湾省
大方县,毕节市,贵州省
大丰市,盐城市,江苏省
大观区,安庆市,安徽省
大湖乡,苗栗县,台湾省
大化瑶族自治县,河池市,广西壮族自治区
大甲区,台中市,台湾省
大里区,台中市,台湾省
大荔县,渭南市,陕西省
大寮区,高雄市,台湾省
大林镇,嘉义县,台湾省
大名县,邯郸市,河北省
大内区,台南市,台湾省
大宁县,临汾市,山西省
大埤乡,云林县,台湾省
大埔区,香港特别行政区,香港特别行政区
大埔县,梅州市,广东省
大埔乡,嘉义县,台湾省
大社区,高雄市,台湾省
大石桥市,营口市,辽宁省
大树区,高雄市,台湾省
大堂区,澳门特别行政区,澳门特别行政区
大田县,三明市,福建省
大通回族土族自治县,西宁市,青海省
大通区,淮南市,安徽省
大同区,大庆市,黑龙江省
大同区,台北市,台湾省
大同县,大同市,山西省
大同乡,宜兰县,台湾省
大洼县,盘锦市,辽宁省
大武口区,石嘴山市,宁夏回族自治区
大武乡,台东县,台湾省
大悟县,孝感市,湖北省
大溪镇,桃园市,台湾省
大祥区,邵阳市,湖南省
大新县,崇左市,广西壮族自治区
大兴区,北京市,北京市
大雅区,台中市,台湾省
大冶市,黄石市,湖北省
大邑县,成都市,四川省
大英县,遂宁市,四川省
大余县,赣州市,江西省
大园乡,桃园市,台湾省
大竹县,达州市,四川省
代县,忻州市,山西省
岱岳区,泰安市,山东省
带岭区,伊春市,黑龙江省
丹巴县,甘孜藏族自治州,四川省
丹凤县,商洛市,陕西省
丹江口市,十堰市,湖北省
丹棱县,眉山市,四川省
丹徒区,镇江市,江苏省
丹阳市,镇江市,江苏省
丹寨县,黔东南苗族侗族自治州,贵州省
单县,菏泽市,山东省
郸城县,周口市,河南省
儋州市,,海南省
淡水区,新北市,台湾省
当涂县,马鞍山市,安徽省
当雄县,拉萨市,西藏自治区
当阳市,宜昌市,湖北省
凼仔,澳门特别行政区,澳门特别行政区
砀山县,宿州市,安徽省
宕昌县,陇南市,甘肃省
道孚县,甘孜藏族自治州,四川省
道里区,哈尔滨市,黑龙江省
道外区,哈尔滨市,黑龙江省
道县,永州市,湖南省
道真仡佬族苗族自治县,遵义市,贵州省
稻城县,甘孜藏族自治州,四川省
得荣县,甘孜藏族自治州,四川省
德安县,九江市,江西省
德保县,百色市,广西壮族自治区
德昌县,凉山彝族自治州,四川省
德城区,德州市,山东省
德格县,甘孜藏族自治州,四川省
德化县,泉州市,福建省
德惠市,长春市,吉林省
德江县,铜仁市,贵州省
德令哈市,海西蒙古族藏族自治州,青海省
德庆县,肇庆市,广东省
德兴市,上饶市,江西省
灯塔市,辽阳市,辽宁省
登封市,郑州市,河南省
邓州市,南阳市,河南省
磴口县,巴彦淖尔市,内蒙古自治区
滴道区,鸡西市,黑龙江省
点军区,宜昌市,湖北省
电白县,茂名市,广东省
迭部县,甘南藏族自治州,甘肃省
叠彩区,桂林市,广西壮族自治区
蝶山区,梧州市,广西壮族自治区
丁青县,昌都地区,西藏自治区
鼎城区,常德市,湖南省
鼎湖区,肇庆市,广东省
定安县,,海南省
定边县,榆林市,陕西省
定结县,日喀则地区,西藏自治区
定南县,赣州市,江西省
定日县,日喀则地区,西藏自治区
定陶县,菏泽市,山东省
定襄县,忻州市,山西省
定兴县,保定市,河北省
定远县,滁州市,安徽省
定州市,保定市,河北省
东阿县,聊城市,山东省
东安区,牡丹江市,黑龙江省
东安县,永州市,湖南省
东宝区,荆门市,湖北省
东昌府区,聊城市,山东省
东昌区,通化市,吉林省
东城区,北京市,北京市
东方市,,海南省
东丰县,辽源市,吉林省
东风区,佳木斯市,黑龙江省
东港区,日照市,山东省
东港市,丹东市,辽宁省
东港镇,屏东县,台湾省
东莞市市辖区,东莞市,广东省
东光县,沧州市,河北省
东海县,连云港市,江苏省
东河区,包头市,内蒙古自治区
东河乡,台东县,台湾省
东湖区,南昌市,江西省
东兰县,河池市,广西壮族自治区
东丽区,,天津市
东辽县,辽源市,吉林省
东陵区,沈阳市,辽宁省
东明县,菏泽市,山东省
东宁县,牡丹江市,黑龙江省
东平县,泰安市,山东省
东坡区,眉山市,四川省
东区,攀枝花市,四川省
东区,台南市,台湾省
东区,新竹市,台湾省
东区,台中市,台湾省
东区,嘉义市,台湾省
东区,香港特别行政区,香港特别行政区
东山区,鹤岗市,黑龙江省
东山区,台南市,台湾省
东山县,漳州市,福建省
东胜区,鄂尔多斯市,内蒙古自治区
东石乡,嘉义县,台湾省
东势区,台中市,台湾省
东势乡,云林县,台湾省
东台市,盐城市,江苏省
东乌珠穆沁旗,锡林郭勒盟,内蒙古自治区
东西湖区,武汉市,湖北省
东乡县,抚州市,江西省
东乡族自治县,临夏回族自治州,甘肃省
东兴区,内江市,四川省
东兴市,防城港市,广西壮族自治区
东营区,东营市,山东省
东源县,河源市,广东省
东至县,池州市,安徽省
东洲区,抚顺市,辽宁省
冬山乡,宜兰县,台湾省
洞口县,邵阳市,湖南省
都安瑶族自治县,河池市,广西壮族自治区
都昌县,九江市,江西省
都江堰市,成都市,四川省
都兰县,海西蒙古族藏族自治州,青海省
都匀市,黔南布依族苗族自治州,贵州省
斗六市,云林县,台湾省
斗门区,珠海市,广东省
斗南镇,云林县,台湾省
独山县,黔南布依族苗族自治州,贵州省
杜尔伯特蒙古族自治县,大庆市,黑龙江省
杜集区,淮北市,安徽省
端州区,肇庆市,广东省
堆龙德庆县,拉萨市,西藏自治区
敦化市,延边朝鲜族自治州,吉林省
敦煌市,酒泉市,甘肃省
多伦县,锡林郭勒盟,内蒙古自治区
掇刀区,荆门市,湖北省
峨边彝族自治县,乐山市,四川省
峨眉山市,乐山市,四川省
峨眉乡,新竹县,台湾省
额尔古纳市,呼伦贝尔市,内蒙古自治区
额济纳旗,阿拉善盟,内蒙古自治区
鄂城区,鄂州市,湖北省
鄂伦春自治旗,呼伦贝尔市,内蒙古自治区
鄂托克旗,鄂尔多斯市,内蒙古自治区
鄂托克前旗,鄂尔多斯市,内蒙古自治区
鄂温克族自治旗,呼伦贝尔市,内蒙古自治区
恩平市,江门市,广东省
恩施市,恩施土家族苗族自治州,湖北省
恩阳区,巴中市,四川省
二道江区,通化市,吉林省
二道区,长春市,吉林省
二连浩特市,锡林郭勒盟,内蒙古自治区
二林镇,彰化县,台湾省
二仑乡,云林县,台湾省
二七区,郑州市,河南省
二水乡,彰化县,台湾省
法库县,沈阳市,辽宁省
番路乡,嘉义县,台湾省
番禺区,广州市,广东省
樊城区,襄阳市,湖北省
繁昌县,芜湖市,安徽省
繁峙县,忻州市,山西省
范县,濮阳市,河南省
方城县,南阳市,河南省
方山县,吕梁市,山西省
方正县,哈尔滨市,黑龙江省
坊子区,潍坊市,山东省
芳苑乡,彰化县,台湾省
枋寮乡,屏东县,台湾省
枋山乡,屏东县,台湾省
防城区,防城港市,广西壮族自治区
房山区,北京市,北京市
房县,十堰市,湖北省
肥城市,泰安市,山东省
肥东县,合肥市,安徽省
肥西县,合肥市,安徽省
肥乡县,邯郸市,河北省
费县,临沂市,山东省
分宜县,新余市,江西省
芬园乡,彰化县,台湾省
汾西县,临汾市,山西省
汾阳市,吕梁市,山西省
丰滨乡,花莲县,台湾省
丰城市,宜春市,江西省
丰满区,吉林市,吉林省
丰南区,唐山市,河北省
丰宁满族自治县,承德市,河北省
丰润区,唐山市,河北省
丰顺县,梅州市,广东省
丰台区,北京市,北京市
丰县,徐州市,江苏省
丰原区,台中市,台湾省
丰泽区,泉州市,福建省
丰镇市,乌兰察布市,内蒙古自治区
风顺堂区,澳门特别行政区,澳门特别行政区
封开县,肇庆市,广东省
封丘县,新乡市,河南省
峰峰矿区,邯郸市,河北省
凤城市,丹东市,辽宁省
凤冈县,遵义市,贵州省
凤凰县,湘西土家族苗族自治州,湖南省
凤林镇,花莲县,台湾省
凤泉区,新乡市,河南省
凤山区,高雄市,台湾省
凤山县,河池市,广西壮族自治区
凤台县,淮南市,安徽省
凤县,宝鸡市,陕西省
凤翔县,宝鸡市,陕西省
凤阳县,滁州市,安徽省
奉贤区,,上海市
奉新县,宜春市,江西省
佛冈县,清远市,广东省
佛坪县,汉中市,陕西省
扶风县,宝鸡市,陕西省
扶沟县,周口市,河南省
扶绥县,崇左市,广西壮族自治区
扶余市,松原市,吉林省
芙蓉区,长沙市,湖南省
浮梁县,景德镇市,江西省
浮山县,临汾市,山西省
涪城区,绵阳市,四川省
福安市,宁德市,福建省
福鼎市,宁德市,福建省
福绵区,玉林市,广西壮族自治区
福清市,福州市,福建省
福泉市,黔南布依族苗族自治州,贵州省
福山区,烟台市,山东省
福田区,深圳市,广东省
福兴乡,彰化县,台湾省
抚宁县,秦皇岛市,河北省
抚顺县,抚顺市,辽宁省
抚松县,白山市,吉林省
抚远县,佳木斯市,黑龙江省
府谷县,榆林市,陕西省
阜城县,衡水市,河北省
阜南县,阜阳市,安徽省
阜宁县,盐城市,江苏省
阜平县,保定市,河北省
阜新蒙古族自治县,阜新市,辽宁省
复兴区,邯郸市,河北省
复兴乡,桃园市,台湾省
富川瑶族自治县,贺州市,广西壮族自治区
富川瑶族自治县,贺州市,广西壮族自治区
富锦市,佳木斯市,黑龙江省
富拉尔基区,齐齐哈尔市,黑龙江省
富里乡,花莲县,台湾省
富平县,渭南市,陕西省
富顺县,自贡市,四川省
富县,延安市,陕西省
富裕县,齐齐哈尔市,黑龙江省
噶尔县,阿里地区,西藏自治区
改则县,阿里地区,西藏自治区
盖州市,营口市,辽宁省
甘德县,果洛藏族自治州,青海省
甘谷县,天水市,甘肃省
甘井子区,大连市,辽宁省
甘洛县,凉山彝族自治州,四川省
甘南县,齐齐哈尔市,黑龙江省
甘泉县,延安市,陕西省
甘州区,张掖市,甘肃省
甘孜县,甘孜藏族自治州,四川省
赣县,赣州市,江西省
赣榆县,连云港市,江苏省
冈山区,高雄市,台湾省
刚察县,海北藏族自治州,青海省
钢城区,莱芜市,山东省
岗巴县,日喀则地区,西藏自治区
港北区,贵港市,广西壮族自治区
港口区,防城港市,广西壮族自治区
港南区,贵港市,广西壮族自治区
港闸区,南通市,江苏省
皋兰县,兰州市,甘肃省
高安市,宜春市,江西省
高碑店市,保定市,河北省
高淳区,南京市,江苏省
高港区,泰州市,江苏省
高陵县,西安市,陕西省
高密市,潍坊市,山东省
高明区,佛山市,广东省
高平市,晋城市,山西省
高坪区,南充市,四川省
高青县,淄博市,山东省
高树乡,屏东县,台湾省
高台县,张掖市,甘肃省
高唐县,聊城市,山东省
高县,宜宾市,四川省
高阳县,保定市,河北省
高要市,肇庆市,广东省
高邑县,石家庄市,河北省
高邮市,扬州市,江苏省
高州市,茂名市,广东省
藁城市,石家庄市,河北省
革吉县,阿里地区,西藏自治区
格尔木市,海西蒙古族藏族自治州,青海省
根河市,呼伦贝尔市,内蒙古自治区
工布江达县,林芝地区,西藏自治区
工农区,鹤岗市,黑龙江省
弓长岭区,辽阳市,辽宁省
公安县,荆州市,湖北省
公馆乡,苗栗县,台湾省
公主岭市,四平市,吉林省
恭城瑶族自治县,桂林市,广西壮族自治区
巩义市,郑州市,河南省
珙县,宜宾市,四川省
共和县,海南藏族自治州,青海省
共青城市,九江市,江西省
贡嘎县,山南地区,西藏自治区
贡觉县,昌都地区,西藏自治区
贡井区,自贡市,四川省
贡寮区,新北市,台湾省
沽源县,张家口市,河北省
姑苏区,苏州市,江苏省
古交市,太原市,山西省
古坑乡,云林县,台湾省
古浪县,武威市,甘肃省
古蔺县,泸州市,四川省
古塔区,锦州市,辽宁省
古田县,宁德市,福建省
古县,临汾市,山西省
古冶区,唐山市,河北省
古丈县,湘西土家族苗族自治州,湖南省
谷城县,襄阳市,湖北省
鼓楼区,福州市,福建省
鼓楼区,开封市,河南省
鼓楼区,徐州市,江苏省
鼓楼区,南京市,江苏省
鼓山区,高雄市,台湾省
固安县,廊坊市,河北省
固始县,信阳市,河南省
固阳县,包头市,内蒙古自治区
固镇县,蚌埠市,安徽省
故城县,衡水市,河北省
瓜州县,酒泉市,甘肃省
关岭布依族苗族自治县,安顺市,贵州省
关庙区,台南市,台湾省
关山镇,台东县,台湾省
关西镇,新竹县,台湾省
观山湖区,贵阳市,贵州省
观塘区,香港特别行政区,香港特别行政区
观音乡,桃园市,台湾省
官田区,台南市,台湾省
馆陶县,邯郸市,河北省
管城回族区,郑州市,河南省
冠县,聊城市,山东省
灌南县,连云港市,江苏省
灌阳县,桂林市,广西壮族自治区
灌云县,连云港市,江苏省
光复乡,花莲县,台湾省
光山县,信阳市,河南省
光泽县,南平市,福建省
广安区,广安市,四川省
广昌县,抚州市,江西省
广德县,宣城市,安徽省
广丰县,上饶市,江西省
广汉市,德阳市,四川省
广河县,临夏回族自治州,甘肃省
广灵县,大同市,山西省
广陵区,扬州市,江苏省
广宁县,肇庆市,广东省
广平县,邯郸市,河北省
广饶县,东营市,山东省
广水市,随州市,湖北省
广阳区,廊坊市,河北省
广宗县,邢台市,河北省
归仁区,台南市,台湾省
龟山乡,桃园市,台湾省
贵池区,池州市,安徽省
贵德县,海南藏族自治州,青海省
贵定县,黔南布依族苗族自治州,贵州省
贵南县,海南藏族自治州,青海省
贵溪市,鹰潭市,江西省
桂东县,郴州市,湖南省
桂平市,贵港市,广西壮族自治区
桂阳县,郴州市,湖南省
国姓乡,南投县,台湾省
海安县,南通市,江苏省
海勃湾区,乌海市,内蒙古自治区
海沧区,厦门市,福建省
海城区,北海市,广西壮族自治区
海城市,鞍山市,辽宁省
海淀区,北京市,北京市
海端乡,台东县,台湾省
海丰县,汕尾市,广东省
海港区,秦皇岛市,河北省
海拉尔区,呼伦贝尔市,内蒙古自治区
海林市,牡丹江市,黑龙江省
海陵区,泰州市,江苏省
海伦市,绥化市,黑龙江省
海门市,南通市,江苏省
海南区,乌海市,内蒙古自治区
海棠区,三亚市,海南省
海西蒙古族藏族自治州直辖,海西蒙古族藏族自治州,青海省
海兴县,沧州市,河北省
海晏县,海北藏族自治州,青海省
海阳市,烟台市,山东省
海原县,中卫市,宁夏回族自治区
海州区,连云港市,江苏省
海州区,阜新市,辽宁省
海珠区,广州市,广东省
邗江区,扬州市,江苏省
邯郸县,邯郸市,河北省
邯山区,邯郸市,河北省
含山县,马鞍山市,安徽省
涵江区,莆田市,福建省
韩城市,渭南市,陕西省
寒亭区,潍坊市,山东省
汉滨区,安康市,陕西省
汉川市,孝感市,湖北省
汉南区,武汉市,湖北省
汉寿县,常德市,湖南省
汉台区,汉中市,陕西省
汉阳区,武汉市,湖北省
汉阴县,安康市,陕西省
汉源县,雅安市,四川省
行唐县,石家庄市,河北省
杭锦后旗,巴彦淖尔市,内蒙古自治区
杭锦旗,鄂尔多斯市,内蒙古自治区
濠江区,汕头市,广东省
合江县,泸州市,四川省
合浦县,北海市,广西壮族自治区
合山市,来宾市,广西壮族自治区
合水县,庆阳市,甘肃省
合阳县,渭南市,陕西省
合作市,甘南藏族自治州,甘肃省
和林格尔县,呼和浩特市,内蒙古自治区
和龙市,延边朝鲜族自治州,吉林省
和美镇,彰化县,台湾省
和平区,沈阳市,辽宁省
和平区,台中市,台湾省
和平区,,天津市
和平县,河源市,广东省
和顺县,晋中市,山西省
和县,马鞍山市,安徽省
和政县,临夏回族自治州,甘肃省
河北区,,天津市
河东区,临沂市,山东省
河东区,,天津市
河间市,沧州市,河北省
河津市,运城市,山西省
河口区,东营市,山东省
河南蒙古族自治县,黄南藏族自治州,青海省
河曲县,忻州市,山西省
河西区,,天津市
荷塘区,株洲市,湖南省
贺兰县,银川市,宁夏回族自治区
赫山区,益阳市,湖南省
赫章县,毕节市,贵州省
鹤城区,怀化市,湖南省
鹤峰县,恩施土家族苗族自治州,湖北省
鹤山区,鹤壁市,河南省
鹤山市,江门市,广东省
黑山县,锦州市,辽宁省
黑水县,阿坝藏族羌族自治州,四川省
恒春镇,屏东县,台湾省
恒山区,鸡西市,黑龙江省
横峰县,上饶市,江西省
横山县,榆林市,陕西省
横山乡,新竹县,台湾省
横县,南宁市,广西壮族自治区
衡东县,衡阳市,湖南省
衡南县,衡阳市,湖南省
衡山县,衡阳市,湖南省
衡阳县,衡阳市,湖南省
红安县,黄冈市,湖北省
红岗区,大庆市,黑龙江省
红古区,兰州市,甘肃省
红花岗区,遵义市,贵州省
红旗区,新乡市,河南省
红桥区,,天津市
红山区,赤峰市,内蒙古自治区
红寺堡区,吴忠市,宁夏回族自治区
红星区,伊春市,黑龙江省
红原县,阿坝藏族羌族自治州,四川省
宏伟区,辽阳市,辽宁省
虹口区,,上海市
洪洞县,临汾市,山西省
洪湖市,荆州市,湖北省
洪江市,怀化市,湖南省
洪山区,武汉市,湖北省
洪雅县,眉山市,四川省
洪泽县,淮安市,江苏省
侯马市,临汾市,山西省
后壁区,台南市,台湾省
后里区,台中市,台湾省
后龙镇,苗栗县,台湾省
呼兰区,哈尔滨市,黑龙江省
呼玛县,大兴安岭地区,黑龙江省
壶关县,长治市,山西省
湖滨区,三门峡市,河南省
湖口县,九江市,江西省
湖口乡,新竹县,台湾省
湖里区,厦门市,福建省
湖内区,高雄市,台湾省
湖西乡,澎湖县,台湾省
虎林市,鸡西市,黑龙江省
虎丘区,苏州市,江苏省
虎尾镇,云林县,台湾省
互助土族自治县,海东地区,青海省
户县,西安市,陕西省
花地玛堂区,澳门特别行政区,澳门特别行政区
花都区,广州市,广东省
花莲市,花莲县,台湾省
花山区,马鞍山市,安徽省
花坛乡,彰化县,台湾省
花王堂区,澳门特别行政区,澳门特别行政区
花溪区,贵阳市,贵州省
花垣县,湘西土家族苗族自治州,湖南省
华安县,漳州市,福建省
华池县,庆阳市,甘肃省
华龙区,濮阳市,河南省
华容区,鄂州市,湖北省
华容县,岳阳市,湖南省
华亭县,平凉市,甘肃省
华县,渭南市,陕西省
华阴市,渭南市,陕西省
华蓥市,广安市,四川省
华州区,渭南市,陕西省
滑县,安阳市,河南省
化德县,乌兰察布市,内蒙古自治区
化隆回族自治县,海东地区,青海省
化州市,茂名市,广东省
桦川县,佳木斯市,黑龙江省
桦甸市,吉林市,吉林省
桦南县,佳木斯市,黑龙江省
怀安县,张家口市,河北省
怀集县,肇庆市,广东省
怀来县,张家口市,河北省
怀宁县,安庆市,安徽省
怀仁县,朔州市,山西省
怀柔区,北京市,北京市
怀远县,蚌埠市,安徽省
淮安区,淮安市,江苏省
淮滨县,信阳市,河南省
淮上区,蚌埠市,安徽省
淮阳县,周口市,河南省
淮阴区,淮安市,江苏省
槐荫区,济南市,山东省
环翠区,威海市,山东省
环江毛南族自治县,河池市,广西壮族自治区
环县,庆阳市,甘肃省
桓仁满族自治县,本溪市,辽宁省
桓台县,淄博市,山东省
皇姑区,沈阳市,辽宁省
黄陂区,武汉市,湖北省
黄大仙区,香港特别行政区,香港特别行政区
黄岛区,青岛市,山东省
黄骅市,沧州市,河北省
黄陵县,延安市,陕西省
黄龙县,延安市,陕西省
黄梅县,黄冈市,湖北省
黄平县,黔东南苗族侗族自治州,贵州省
黄埔区,广州市,广东省
黄浦区,,上海市
黄山区,黄山市,安徽省
黄石港区,黄石市,湖北省
黄州区,黄冈市,湖北省
湟源县,西宁市,青海省
湟中县,西宁市,青海省
潢川县,信阳市,河南省
珲春市,延边朝鲜族自治州,吉林省
辉南县,通化市,吉林省
辉县市,新乡市,河南省
徽县,陇南市,甘肃省
徽州区,黄山市,安徽省
回民区,呼和浩特市,内蒙古自治区
汇川区,遵义市,贵州省
会昌县,赣州市,江西省
会东县,凉山彝族自治州,四川省
会理县,凉山彝族自治州,四川省
会宁县,白银市,甘肃省
会同县,怀化市,湖南省
惠安县,泉州市,福建省
惠城区,惠州市,广东省
惠东县,惠州市,广东省
惠济区,郑州市,河南省
惠来县,揭阳市,广东省
惠民县,滨州市,山东省
惠农区,石嘴山市,宁夏回族自治区
惠山区,无锡市,江苏省
惠水县,黔南布依族苗族自治州,贵州省
惠阳区,惠州市,广东省
浑江区,白山市,吉林省
浑南区,沈阳市,辽宁省
浑源县,大同市,山西省
获嘉县,新乡市,河南省
霍林郭勒市,通辽市,内蒙古自治区
霍邱县,六安市,安徽省
霍山县,六安市,安徽省
霍州市,临汾市,山西省
鸡东县,鸡西市,黑龙江省
鸡冠区,鸡西市,黑龙江省
鸡泽县,邯郸市,河北省
积石山县,临夏回族自治州,甘肃省
吉安县,吉安市,江西省
吉安乡,花莲县,台湾省
吉利区,洛阳市,河南省
吉隆县,日喀则地区,西藏自治区
吉首市,湘西土家族苗族自治州,湖南省
吉水县,吉安市,江西省
吉县,临汾市,山西省
吉阳区,三亚市,海南省
吉州区,吉安市,江西省
即墨市,青岛市,山东省
集安市,通化市,吉林省
集集镇,南投县,台湾省
集美区,厦门市,福建省
集宁区,乌兰察布市,内蒙古自治区
集贤县,双鸭山市,黑龙江省
济阳县,济南市,山东省
济源市,,河南省
绩溪县,宣城市,安徽省
蓟县,,天津市
稷山县,运城市,山西省
冀州市,衡水市,河北省
加查县,山南地区,西藏自治区
加格达奇区,大兴安岭地区,黑龙江省
佳冬乡,屏东县,台湾省
佳里区,台南市,台湾省
佳木斯市市辖区,佳木斯市,黑龙江省
佳县,榆林市,陕西省
嘉定区,,上海市
嘉禾县,郴州市,湖南省
嘉黎县,那曲地区,西藏自治区
嘉陵区,南充市,四川省
嘉模堂区,澳门特别行政区,澳门特别行政区
嘉祥县,济宁市,山东省
嘉荫县,伊春市,黑龙江省
嘉鱼县,咸宁市,湖北省
嘉峪关市市辖区,嘉峪关市,甘肃省
夹江县,乐山市,四川省
郏县,平顶山市,河南省
甲仙区,高雄市,台湾省
贾汪区,徐州市,江苏省
尖草坪区,太原市,山西省
尖山区,双鸭山市,黑龙江省
尖石乡,新竹县,台湾省
尖扎县,黄南藏族自治州,青海省
监利县,荆州市,湖北省
犍为县,乐山市,四川省
简阳市,资阳市,四川省
建昌县,葫芦岛市,辽宁省
建湖县,盐城市,江苏省
建华区,齐齐哈尔市,黑龙江省
建宁县,三明市,福建省
建瓯市,南平市,福建省
建平县,朝阳市,辽宁省
建始县,恩施土家族苗族自治州,湖北省
建阳市,南平市,福建省
建邺区,南京市,江苏省
剑阁县,广元市,四川省
剑河县,黔东南苗族侗族自治州,贵州省
涧西区,洛阳市,河南省
江安县,宜宾市,四川省
江岸区,武汉市,湖北省
江城区,阳江市,广东省
江达县,昌都地区,西藏自治区
江都区,扬州市,江苏省
江海区,江门市,广东省
江汉区,武汉市,湖北省
江华瑶族自治县,永州市,湖南省
江口县,铜仁市,贵州省
江陵县,荆州市,湖北省
江南区,南宁市,广西壮族自治区
江宁区,南京市,江苏省
江夏区,武汉市,湖北省
江阳区,泸州市,四川省
江阴市,无锡市,江苏省
江永县,永州市,湖南省
江油市,绵阳市,四川省
江源区,白山市,吉林省
江州区,崇左市,广西壮族自治区
江孜县,日喀则地区,西藏自治区
将军区,台南市,台湾省
将乐县,三明市,福建省
姜堰区,泰州市,江苏省
绛县,运城市,山西省
交城县,吕梁市,山西省
交口县,吕梁市,山西省
郊区,铜陵市,安徽省
郊区,佳木斯市,黑龙江省
郊区,阳泉市,山西省
郊区,长治市,山西省
胶州市,青岛市,山东省
蛟河市,吉林市,吉林省
蕉城区,宁德市,福建省
蕉岭县,梅州市,广东省
礁溪乡,宜兰县,台湾省
揭东区,揭阳市,广东省
揭西县,揭阳市,广东省
解放区,焦作市,河南省
介休市,晋中市,山西省
界首市,阜阳市,安徽省
金安区,六安市,安徽省
金城江区,河池市,广西壮族自治区
金川区,金昌市,甘肃省
金川县,阿坝藏族羌族自治州,四川省
金峰乡,台东县,台湾省
金凤区,银川市,宁夏回族自治区
金湖县,淮安市,江苏省
金口河区,乐山市,四川省
金门县,泉州市,福建省
金牛区,成都市,四川省
金平区,汕头市,广东省
金沙县,毕节市,贵州省
金山区,,上海市
金山区,新北市,台湾省
金山屯区,伊春市,黑龙江省
金水区,郑州市,河南省
金塔县,酒泉市,甘肃省
金台区,宝鸡市,陕西省
金坛市,常州市,江苏省
金堂县,成都市,四川省
金湾区,珠海市,广东省
金溪县,抚州市,江西省
金乡县,济宁市,山东省
金秀瑶族自治县,来宾市,广西壮族自治区
金阳县,凉山彝族自治州,四川省
金寨县,六安市,安徽省
金州区,大连市,辽宁省
津南区,,天津市
津市市,常德市,湖南省
锦江区,成都市,四川省
锦屏县,黔东南苗族侗族自治州,贵州省
进贤县,南昌市,江西省
晋安区,福州市,福建省
晋江市,泉州市,福建省
晋源区,太原市,山西省
晋州市,石家庄市,河北省
京口区,镇江市,江苏省
京山县,荆门市,湖北省
泾川县,平凉市,甘肃省
泾县,宣城市,安徽省
泾阳县,咸阳市,陕西省
泾源县,固原市,宁夏回族自治区
荆州区,荆州市,湖北省
旌德县,宣城市,安徽省
旌阳区,德阳市,四川省
井冈山市,吉安市,江西省
井陉矿区,石家庄市,河北省
井陉县,石家庄市,河北省
井研县,乐山市,四川省
景泰县,白银市,甘肃省
景县,衡水市,河北省
竞秀区,保定市,河北省
靖安县,宜春市,江西省
靖边县,榆林市,陕西省
靖江市,泰州市,江苏省
靖西县,百色市,广西壮族自治区
靖宇县,白山市,吉林省
靖远县,白银市,甘肃省
靖州苗族侗族自治县,怀化市,湖南省
静安区,,上海市
静海县,,天津市
静乐县,忻州市,山西省
静宁县,平凉市,甘肃省
镜湖区,芜湖市,安徽省
鸠江区,芜湖市,安徽省
九江县,九江市,江西省
九龙城区,香港特别行政区,香港特别行政区
九龙县,甘孜藏族自治州,四川省
九如乡,屏东县,台湾省
九台市,长春市,吉林省
九原区,包头市,内蒙古自治区
九寨沟县,阿坝藏族羌族自治州,四川省
久治县,果洛藏族自治州,青海省
莒南县,临沂市,山东省
莒县,日照市,山东省
巨鹿县,邢台市,河北省
巨野县,菏泽市,山东省
句容市,镇江市,江苏省
鄄城县,菏泽市,山东省
君山区,岳阳市,湖南省
筠连县,宜宾市,四川省
浚县,鹤壁市,河南省
喀喇沁旗,赤峰市,内蒙古自治区
喀喇沁左翼蒙古族自治县,朝阳市,辽宁省
卡若区,昌都市,西藏自治区
开封市市辖区,开封市,河南省
开封县,开封市,河南省
开福区,长沙市,湖南省
开江县,达州市,四川省
开鲁县,通辽市,内蒙古自治区
开平区,唐山市,河北省
开平市,江门市,广东省
开阳县,贵阳市,贵州省
开原市,铁岭市,辽宁省
凯里市,黔东南苗族侗族自治州,贵州省
顶乡,屏东县,台湾省
康巴什区,鄂尔多斯市,内蒙古自治区
康保县,张家口市,河北省
康定县,甘孜藏族自治州,四川省
康乐县,临夏回族自治州,甘肃省
康马县,日喀则地区,西藏自治区
康平县,沈阳市,辽宁省
康县,陇南市,甘肃省
科尔沁区,通辽市,内蒙古自治区
科尔沁右翼前旗,兴安盟,内蒙古自治区
科尔沁右翼中旗,兴安盟,内蒙古自治区
科尔沁左翼后旗,通辽市,内蒙古自治区
科尔沁左翼中旗,通辽市,内蒙古自治区
岢岚县,忻州市,山西省
克东县,齐齐哈尔市,黑龙江省
克山县,齐齐哈尔市,黑龙江省
克什克腾旗,赤峰市,内蒙古自治区
垦利县,东营市,山东省
崆峒区,平凉市,甘肃省
口湖乡,云林县,台湾省
库伦旗,通辽市,内蒙古自治区
宽城满族自治县,承德市,河北省
宽城区,长春市,吉林省
宽甸满族自治县,丹东市,辽宁省
矿区,阳泉市,山西省
矿区,大同市,山西省
奎文区,潍坊市,山东省
葵青区,香港特别行政区,香港特别行政区
昆都仑区,包头市,内蒙古自治区
昆山市,苏州市,江苏省
拉孜县,日喀则地区,西藏自治区
来安县,滁州市,安徽省
来凤县,恩施土家族苗族自治州,湖北省
来义乡,屏东县,台湾省
莱城区,莱芜市,山东省
莱山区,烟台市,山东省
莱西市,青岛市,山东省
莱阳市,烟台市,山东省
莱州市,烟台市,山东省
涞水县,保定市,河北省
涞源县,保定市,河北省
兰考县,开封市,河南省
兰陵县,临沂市,山东省
兰山区,临沂市,山东省
兰西县,绥化市,黑龙江省
兰屿乡,台东县,台湾省
岚皋县,安康市,陕西省
岚山区,日照市,山东省
岚县,吕梁市,山西省
蓝山县,永州市,湖南省
蓝田县,西安市,陕西省
郎溪县,宣城市,安徽省
阆中市,南充市,四川省
琅琊区,滁州市,安徽省
朗县,林芝地区,西藏自治区
浪卡子县,山南地区,西藏自治区
崂山区,青岛市,山东省
老边区,营口市,辽宁省
老城区,洛阳市,河南省
老河口市,襄阳市,湖北省
乐安县,抚州市,江西省
乐昌市,韶关市,广东省
乐东黎族自治县,,海南省
乐都县,海东地区,青海省
乐陵市,德州市,山东省
乐平市,景德镇市,江西省
乐亭县,唐山市,河北省
乐业县,百色市,广西壮族自治区
乐至县,资阳市,四川省
雷波县,凉山彝族自治州,四川省
雷山县,黔东南苗族侗族自治州,贵州省
雷州市,湛江市,广东省
耒阳市,衡阳市,湖南省
类乌齐县,昌都地区,西藏自治区
冷湖行政委员会,海西蒙古族藏族自治州,青海省
冷水江市,娄底市,湖南省
冷水滩区,永州市,湖南省
离岛区,香港特别行政区,香港特别行政区
离石区,吕梁市,山西省
梨树区,鸡西市,黑龙江省
梨树县,四平市,吉林省
黎城县,长治市,山西省
黎川县,抚州市,江西省
黎平县,黔东南苗族侗族自治州,贵州省
蠡县,保定市,河北省
礼泉县,咸阳市,陕西省
礼县,陇南市,甘肃省
李沧区,青岛市,山东省
里港乡,屏东县,台湾省
理塘县,甘孜藏族自治州,四川省
理县,阿坝藏族羌族自治州,四川省
鲤城区,泉州市,福建省
澧县,常德市,湖南省
醴陵市,株洲市,湖南省
历城区,济南市,山东省
历下区,济南市,山东省
立山区,鞍山市,辽宁省
利川市,恩施土家族苗族自治州,湖北省
利津县,东营市,山东省
利通区,吴忠市,宁夏回族自治区
利辛县,亳州市,安徽省
利州区,广元市,四川省
荔波县,黔南布依族苗族自治州,贵州省
荔城区,莆田市,福建省
荔浦县,桂林市,广西壮族自治区
荔湾区,广州市,广东省
溧水区,南京市,江苏省
溧阳市,常州市,江苏省
连城县,龙岩市,福建省
连江县,福州市,福建省
连南瑶族自治县,清远市,广东省
连平县,河源市,广东省
连山区,葫芦岛市,辽宁省
连山壮族瑶族自治县,清远市,广东省
连云区,连云港市,江苏省
连州市,清远市,广东省
莲池区,保定市,河北省
莲湖区,西安市,陕西省
莲花县,萍乡市,江西省
涟水县,淮安市,江苏省
涟源市,娄底市,湖南省
廉江市,湛江市,广东省
濂溪区,九江市,江西省
良庆区,南宁市,广西壮族自治区
凉城县,乌兰察布市,内蒙古自治区
凉州区,武威市,甘肃省
梁山县,济宁市,山东省
梁溪区,无锡市,江苏省
梁园区,商丘市,河南省
梁子湖区,鄂州市,湖北省
两当县,陇南市,甘肃省
辽阳县,辽阳市,辽宁省
辽中县,沈阳市,辽宁省
烈山区,淮北市,安徽省
邻水县,广安市,四川省
林边乡,屏东县,台湾省
林甸县,大庆市,黑龙江省
林口区,新北市,台湾省
林口县,牡丹江市,黑龙江省
林内乡,云林县,台湾省
林西县,赤峰市,内蒙古自治区
林园区,高雄市,台湾省
林芝县,林芝地区,西藏自治区
林州市,安阳市,河南省
林周县,拉萨市,西藏自治区
临城县,邢台市,河北省
临川区,抚州市,江西省
临高县,,海南省
临桂县,桂林市,广西壮族自治区
临河区,巴彦淖尔市,内蒙古自治区
临江市,白山市,吉林省
临澧县,常德市,湖南省
临清市,聊城市,山东省
临朐县,潍坊市,山东省
临泉县,阜阳市,安徽省
临沭县,临沂市,山东省
临潭县,甘南藏族自治州,甘肃省
临洮县,定西市,甘肃省
临潼区,西安市,陕西省
临渭区,渭南市,陕西省
临武县,郴州市,湖南省
临西县,邢台市,河北省
临夏市,临夏回族自治州,甘肃省
临夏县,临夏回族自治州,甘肃省
临县,吕梁市,山西省
临湘市,岳阳市,湖南省
临猗县,运城市,山西省
临邑县,德州市,山东省
临颍县,漯河市,河南省
临泽县,张掖市,甘肃省
临漳县,邯郸市,河北省
临淄区,淄博市,山东省
麟洛乡,屏东县,台湾省
麟游县,宝鸡市,陕西省
灵宝市,三门峡市,河南省
灵璧县,宿州市,安徽省
灵川县,桂林市,广西壮族自治区
灵丘县,大同市,山西省
灵山县,钦州市,广西壮族自治区
灵石县,晋中市,山西省
灵寿县,石家庄市,河北省
灵台县,平凉市,甘肃省
灵武市,银川市,宁夏回族自治区
苓雅区,高雄市,台湾省
凌海市,锦州市,辽宁省
凌河区,锦州市,辽宁省
凌源市,朝阳市,辽宁省
凌云县,百色市,广西壮族自治区
陵城区,德州市,山东省
陵川县,晋城市,山西省
陵水黎族自治县,,海南省
零陵区,永州市,湖南省
岭东区,双鸭山市,黑龙江省
浏阳市,长沙市,湖南省
留坝县,汉中市,陕西省
琉球乡,屏东县,台湾省
柳北区,柳州市,广西壮族自治区
柳城县,柳州市,广西壮族自治区
柳河县,通化市,吉林省
柳江县,柳州市,广西壮族自治区
柳林县,吕梁市,山西省
柳南区,柳州市,广西壮族自治区
柳营区,台南市,台湾省
六龟区,高雄市,台湾省
六合区,南京市,江苏省
六甲区,台南市,台湾省
六脚乡,嘉义县,台湾省
六枝特区,六盘水市,贵州省
龙安区,安阳市,河南省
龙城区,朝阳市,辽宁省
龙川县,河源市,广东省
龙凤区,大庆市,黑龙江省
龙岗区,深圳市,广东省
龙港区,葫芦岛市,辽宁省
龙海市,漳州市,福建省
龙湖区,汕头市,广东省
龙华区,海口市,海南省
龙江县,齐齐哈尔市,黑龙江省
龙井区,台中市,台湾省
龙井市,延边朝鲜族自治州,吉林省
龙口市,烟台市,山东省
龙里县,黔南布依族苗族自治州,贵州省
龙马潭区,泸州市,四川省
龙门县,惠州市,广东省
龙南县,赣州市,江西省
龙崎区,台南市,台湾省
龙泉驿区,成都市,四川省
龙沙区,齐齐哈尔市,黑龙江省
龙山区,辽源市,吉林省
龙山县,湘西土家族苗族自治州,湖南省
龙胜各族自治县,桂林市,广西壮族自治区
龙潭区,吉林市,吉林省
龙潭乡,桃园市,台湾省
龙亭区,开封市,河南省
龙圩区,梧州市,广西壮族自治区
龙文区,漳州市,福建省
龙州县,崇左市,广西壮族自治区
龙子湖区,蚌埠市,安徽省
隆安县,南宁市,广西壮族自治区
隆昌县,内江市,四川省
隆德县,固原市,宁夏回族自治区
隆化县,承德市,河北省
隆回县,邵阳市,湖南省
隆林各族自治县,百色市,广西壮族自治区
隆尧县,邢台市,河北省
隆子县,山南地区,西藏自治区
陇西县,定西市,甘肃省
陇县,宝鸡市,陕西省
娄烦县,太原市,山西省
娄星区,娄底市,湖南省
卢龙县,秦皇岛市,河北省
卢氏县,三门峡市,河南省
芦山县,雅安市,四川省
芦淞区,株洲市,湖南省
芦溪县,萍乡市,江西省
芦洲区,新北市,台湾省
芦竹乡,桃园市,台湾省
庐江县,合肥市,安徽省
庐山区,九江市,江西省
庐阳区,合肥市,安徽省
炉霍县,甘孜藏族自治州,四川省
泸定县,甘孜藏族自治州,四川省
泸溪县,湘西土家族苗族自治州,湖南省
泸县,泸州市,四川省
鲁山县,平顶山市,河南省
陆川县,玉林市,广西壮族自治区
陆丰市,汕尾市,广东省
陆河县,汕尾市,广东省
鹿草乡,嘉义县,台湾省
鹿港镇,彰化县,台湾省
鹿谷乡,南投县,台湾省
鹿泉市,石家庄市,河北省
鹿野乡,台东县,台湾省
鹿邑县,周口市,河南省
鹿寨县,柳州市,广西壮族自治区
碌曲县,甘南藏族自治州,甘肃省
路北区,唐山市,河北省
路凼城,澳门特别行政区,澳门特别行政区
路凼填海区,澳门特别行政区,澳门特别行政区
路环,澳门特别行政区,澳门特别行政区
路南区,唐山市,河北省
路竹区,高雄市,台湾省
潞城市,长治市,山西省
栾城县,石家庄市,河北省
栾川县,洛阳市,河南省
滦南县,唐山市,河北省
滦平县,承德市,河北省
滦县,唐山市,河北省
仑背乡,云林县,台湾省
罗城仫佬族自治县,河池市,广西壮族自治区
罗甸县,黔南布依族苗族自治州,贵州省
罗定市,云浮市,广东省
罗东镇,宜兰县,台湾省
罗湖区,深圳市,广东省
罗江县,德阳市,四川省
罗山县,信阳市,河南省
罗田县,黄冈市,湖北省
罗源县,福州市,福建省
罗庄区,临沂市,山东省
萝北县,鹤岗市,黑龙江省
萝岗区,广州市,广东省
洛川县,延安市,陕西省
洛江区,泉州市,福建省
洛龙区,洛阳市,河南省
洛隆县,昌都地区,西藏自治区
洛南县,商洛市,陕西省
洛宁县,洛阳市,河南省
洛扎县,山南地区,西藏自治区
旅顺口区,大连市,辽宁省
绿岛乡,台东县,台湾省
绿园区,长春市,吉林省
略阳县,汉中市,陕西省
麻城市,黄冈市,湖北省
麻豆区,台南市,台湾省
麻江县,黔东南苗族侗族自治州,贵州省
麻山区,鸡西市,黑龙江省
麻阳苗族自治县,怀化市,湖南省
麻章区,湛江市,广东省
马边彝族自治县,乐山市,四川省
马村区,焦作市,河南省
马尔康县,阿坝藏族羌族自治州,四川省
马公市,澎湖县,台湾省
马山县,南宁市,广西壮族自治区
马尾区,福州市,福建省
玛多县,果洛藏族自治州,青海省
玛家乡,屏东县,台湾省
玛沁县,果洛藏族自治州,青海省
玛曲县,甘南藏族自治州,甘肃省
麦积区,天水市,甘肃省
麦寮乡,云林县,台湾省
满城县,保定市,河北省
满州乡,屏东县,台湾省
满洲里市,呼伦贝尔市,内蒙古自治区
芒康县,昌都地区,西藏自治区
茫崖行政委员会,海西蒙古族藏族自治州,青海省
茅箭区,十堰市,湖北省
茂港区,茂名市,广东省
茂林区,高雄市,台湾省
茂南区,茂名市,广东省
茂县,阿坝藏族羌族自治州,四川省
眉县,宝鸡市,陕西省
梅河口市,通化市,吉林省
梅江区,梅州市,广东省
梅里斯达斡尔族区,齐齐哈尔市,黑龙江省
梅列区,三明市,福建省
梅山乡,嘉义县,台湾省
梅县,梅州市,广东省
湄潭县,遵义市,贵州省
美姑县,凉山彝族自治州,四川省
美兰区,海口市,海南省
美浓区,高雄市,台湾省
美溪区,伊春市,黑龙江省
门头沟区,北京市,北京市
门源回族自治县,海北藏族自治州,青海省
蒙城县,亳州市,安徽省
蒙山县,梧州市,广西壮族自治区
蒙阴县,临沂市,山东省
孟村回族自治县,沧州市,河北省
孟津县,洛阳市,河南省
孟州市,焦作市,河南省
弥陀区,高雄市,台湾省
米林县,林芝地区,西藏自治区
米易县,攀枝花市,四川省
米脂县,榆林市,陕西省
汨罗市,岳阳市,湖南省
泌阳县,驻马店市,河南省
密山市,鸡西市,黑龙江省
密云县,北京市,北京市
绵竹市,德阳市,四川省
勉县,汉中市,陕西省
冕宁县,凉山彝族自治州,四川省
渑池县,三门峡市,河南省
苗栗市,苗栗县,台湾省
民和回族土族自治县,海东地区,青海省
民乐县,张掖市,甘肃省
民勤县,武威市,甘肃省
民权县,商丘市,河南省
民雄乡,嘉义县,台湾省
岷县,定西市,甘肃省
闵行区,,上海市
闽侯县,福州市,福建省
闽清县,福州市,福建省
名间乡,南投县,台湾省
名山区,雅安市,四川省
明光市,滁州市,安徽省
明山区,本溪市,辽宁省
明水县,绥化市,黑龙江省
明溪县,三明市,福建省
莫力达瓦达斡尔族自治旗,呼伦贝尔市,内蒙古自治区
漠河县,大兴安岭地区,黑龙江省
墨脱县,林芝地区,西藏自治区
墨竹工卡县,拉萨市,西藏自治区
牟平区,烟台市,山东省
牡丹区,菏泽市,山东省
牡丹乡,屏东县,台湾省
木兰县,哈尔滨市,黑龙江省
木里藏族自治县,凉山彝族自治州,四川省
沐川县,乐山市,四川省
牧野区,新乡市,河南省
穆棱市,牡丹江市,黑龙江省
那玛夏区,高雄市,台湾省
那坡县,百色市,广西壮族自治区
那曲县,那曲地区,西藏自治区
纳溪区,泸州市,四川省
纳雍县,毕节市,贵州省
乃东县,山南地区,西藏自治区
奈曼旗,通辽市,内蒙古自治区
南安市,泉州市,福建省
南澳县,汕头市,广东省
南澳乡,宜兰县,台湾省
南部县,南充市,四川省
南岔区,伊春市,黑龙江省
南昌县,南昌市,江西省
南城县,抚州市,江西省
南丹县,河池市,广西壮族自治区
南芬区,本溪市,辽宁省
南丰县,抚州市,江西省
南岗区,哈尔滨市,黑龙江省
南港区,台北市,台湾省
南宫市,邢台市,河北省
南关区,长春市,吉林省
南海区,佛山市,广东省
南和县,邢台市,河北省
南化区,台南市,台湾省
南江县,巴中市,四川省
南郊区,大同市,山西省
南靖县,漳州市,福建省
南开区,,天津市
南康市,赣州市,江西省
南乐县,濮阳市,河南省
南陵县,芜湖市,安徽省
南明区,贵阳市,贵州省
南木林县,日喀则地区,西藏自治区
南皮县,沧州市,河北省
南票区,葫芦岛市,辽宁省
南谯区,滁州市,安徽省
南区,台南市,台湾省
南区,台中市,台湾省
南区,香港特别行政区,香港特别行政区
南沙区,广州市,广东省
南山区,深圳市,广东省
南山区,鹤岗市,黑龙江省
南市区,保定市,河北省
南投市,南投县,台湾省
南屯区,台中市,台湾省
南溪区,宜宾市,四川省
南县,益阳市,湖南省
南雄市,韶关市,广东省
南岳区,衡阳市,湖南省
南漳县,襄阳市,湖北省
南长区,无锡市,江苏省
南召县,南阳市,河南省
南郑县,汉中市,陕西省
南州乡,屏东县,台湾省
南庄乡,苗栗县,台湾省
楠西区,台南市,台湾省
楠梓区,高雄市,台湾省
囊谦县,玉树藏族自治州,青海省
讷河市,齐齐哈尔市,黑龙江省
内湖区,台北市,台湾省
内黄县,安阳市,河南省
内门区,高雄市,台湾省
内埔乡,屏东县,台湾省
内丘县,邢台市,河北省
内乡县,南阳市,河南省
嫩江县,黑河市,黑龙江省
尼玛县,那曲地区,西藏自治区
尼木县,拉萨市,西藏自治区
碾子山区,齐齐哈尔市,黑龙江省
鸟松区,高雄市,台湾省
聂拉木县,日喀则地区,西藏自治区
聂荣县,那曲地区,西藏自治区
宁安市,牡丹江市,黑龙江省
宁城县,赤峰市,内蒙古自治区
宁都县,赣州市,江西省
宁国市,宣城市,安徽省
宁河县,,天津市
宁化县,三明市,福建省
宁江区,松原市,吉林省
宁津县,德州市,山东省
宁晋县,邢台市,河北省
宁陵县,商丘市,河南省
宁明县,崇左市,广西壮族自治区
宁南县,凉山彝族自治州,四川省
宁强县,汉中市,陕西省
宁陕县,安康市,陕西省
宁武县,忻州市,山西省
宁县,庆阳市,甘肃省
宁乡县,长沙市,湖南省
宁阳县,泰安市,山东省
宁远县,永州市,湖南省
农安县,长春市,吉林省
暖暖区,基隆市,台湾省
潘集区,淮南市,安徽省
盘山县,盘锦市,辽宁省
盘县,六盘水市,贵州省
磐石市,吉林市,吉林省
沛县,徐州市,江苏省
彭山县,眉山市,四川省
彭阳县,固原市,宁夏回族自治区
彭泽县,九江市,江西省
彭州市,成都市,四川省
蓬安县,南充市,四川省
蓬江区,江门市,广东省
蓬莱市,烟台市,山东省
蓬溪县,遂宁市,四川省
邳州市,徐州市,江苏省
郫县,成都市,四川省
埤头乡,彰化县,台湾省
偏关县,忻州市,山西省
平安县,海东地区,青海省
平坝县,安顺市,贵州省
平昌县,巴中市,四川省
平川区,白银市,甘肃省
平定县,阳泉市,山西省
平度市,青岛市,山东省
平房区,哈尔滨市,黑龙江省
平谷区,北京市,北京市
平果县,百色市,广西壮族自治区
平和县,漳州市,福建省
平江县,岳阳市,湖南省
平乐县,桂林市,广西壮族自治区
平利县,安康市,陕西省
平鲁区,朔州市,山西省
平陆县,运城市,山西省
平罗县,石嘴山市,宁夏回族自治区
平南县,贵港市,广西壮族自治区
平桥区,信阳市,河南省
平泉县,承德市,河北省
平山区,本溪市,辽宁省
平山县,石家庄市,河北省
平顺县,长治市,山西省
平潭县,福州市,福建省
平塘县,黔南布依族苗族自治州,贵州省
平武县,绵阳市,四川省
平溪区,新北市,台湾省
平乡县,邢台市,河北省
平遥县,晋中市,山西省
平邑县,临沂市,山东省
平阴县,济南市,山东省
平舆县,驻马店市,河南省
平原县,德州市,山东省
平远县,梅州市,广东省
平镇市,桃园市,台湾省
坪林区,新北市,台湾省
凭祥市,崇左市,广西壮族自治区
屏东市,屏东县,台湾省
屏南县,宁德市,福建省
屏山县,宜宾市,四川省
坡头区,湛江市,广东省
鄱阳县,上饶市,江西省
蒲城县,渭南市,陕西省
蒲江县,成都市,四川省
蒲县,临汾市,山西省
濮阳县,濮阳市,河南省
朴子市,嘉义县,台湾省
埔里镇,南投县,台湾省
埔心乡,彰化县,台湾省
埔盐乡,彰化县,台湾省
浦北县,钦州市,广西壮族自治区
浦城县,南平市,福建省
浦东新区,,上海市
浦口区,南京市,江苏省
普安县,黔西南布依族苗族自治州,贵州省
普定县,安顺市,贵州省
普格县,凉山彝族自治州,四川省
普兰店市,大连市,辽宁省
普兰县,阿里地区,西藏自治区
普宁市,揭阳市,广东省
普陀区,,上海市
七堵区,基隆市,台湾省
七股区,台南市,台湾省
七里河区,兰州市,甘肃省
七美乡,澎湖县,台湾省
七星关区,毕节市,贵州省
七星区,桂林市,广西壮族自治区
栖霞区,南京市,江苏省
栖霞市,烟台市,山东省
戚墅堰区,常州市,江苏省
齐河县,德州市,山东省
祁东县,衡阳市,湖南省
祁连县,海北藏族自治州,青海省
祁门县,黄山市,安徽省
祁县,晋中市,山西省
祁阳县,永州市,湖南省
岐山县,宝鸡市,陕西省
淇滨区,鹤壁市,河南省
淇县,鹤壁市,河南省
旗津区,高雄市,台湾省
旗山区,高雄市,台湾省
蕲春县,黄冈市,湖北省
杞县,开封市,河南省
启东市,南通市,江苏省
千山区,鞍山市,辽宁省
千阳县,宝鸡市,陕西省
迁安市,唐山市,河北省
迁西县,唐山市,河北省
铅山县,上饶市,江西省
前锋区,广安市,四川省
前郭尔罗斯蒙古族自治县,松原市,吉林省
前金区,高雄市,台湾省
前进区,佳木斯市,黑龙江省
前镇区,高雄市,台湾省
乾安县,松原市,吉林省
乾县,咸阳市,陕西省
潜江市,,湖北省
潜山县,安庆市,安徽省
黔西县,毕节市,贵州省
桥东区,石家庄市,河北省
桥东区,邢台市,河北省
桥东区,张家口市,河北省
桥头区,高雄市,台湾省
桥西区,石家庄市,河北省
桥西区,张家口市,河北省
桥西区,邢台市,河北省
~口区,武汉市,湖北省
谯城区,亳州市,安徽省
茄b区,高雄市,台湾省
茄子河区,七台河市,黑龙江省
钦北区,钦州市,广西壮族自治区
钦南区,钦州市,广西壮族自治区
秦安县,天水市,甘肃省
秦都区,咸阳市,陕西省
秦淮区,南京市,江苏省
秦州区,天水市,甘肃省
沁水县,晋城市,山西省
沁县,长治市,山西省
沁阳市,焦作市,河南省
沁源县,长治市,山西省
青白江区,成都市,四川省
青川县,广元市,四川省
青冈县,绥化市,黑龙江省
青龙满族自治县,秦皇岛市,河北省
青浦区,,上海市
青山湖区,南昌市,江西省
青山区,武汉市,湖北省
青山区,包头市,内蒙古自治区
青神县,眉山市,四川省
青铜峡市,吴忠市,宁夏回族自治区
青县,沧州市,河北省
青秀区,南宁市,广西壮族自治区
青羊区,成都市,四川省
青阳县,池州市,安徽省
青原区,吉安市,江西省
青云谱区,南昌市,江西省
青州市,潍坊市,山东省
清城区,清远市,广东省
清丰县,濮阳市,河南省
清河门区,阜新市,辽宁省
清河区,淮安市,江苏省
清河区,铁岭市,辽宁省
清河县,邢台市,河北省
清涧县,榆林市,陕西省
清流县,三明市,福建省
清浦区,淮安市,江苏省
清水河县,呼和浩特市,内蒙古自治区
清水区,台中市,台湾省
清水县,天水市,甘肃省
清新区,清远市,广东省
清徐县,太原市,山西省
清原满族自治县,抚顺市,辽宁省
清苑县,保定市,河北省
清镇市,贵阳市,贵州省
晴隆县,黔西南布依族苗族自治州,贵州省
庆安县,绥化市,黑龙江省
庆城县,庆阳市,甘肃省
庆云县,德州市,山东省
邛崃市,成都市,四川省
琼海市,,海南省
琼结县,山南地区,西藏自治区
琼山区,海口市,海南省
琼中黎族苗族自治县,,海南省
邱县,邯郸市,河北省
渠县,达州市,四川省
曲阜市,济宁市,山东省
曲江区,韶关市,广东省
曲麻莱县,玉树藏族自治州,青海省
曲水县,拉萨市,西藏自治区
曲松县,山南地区,西藏自治区
曲沃县,临汾市,山西省
曲阳县,保定市,河北省
曲周县,邯郸市,河北省
全椒县,滁州市,安徽省
全南县,赣州市,江西省
全州县,桂林市,广西壮族自治区
荃湾区,香港特别行政区,香港特别行政区
泉港区,泉州市,福建省
泉山区,徐州市,江苏省
确山县,驻马店市,河南省
壤塘县,阿坝藏族羌族自治州,四川省
让胡路区,大庆市,黑龙江省
饶河县,双鸭山市,黑龙江省
饶平县,潮州市,广东省
饶阳县,衡水市,河北省
仁爱区,基隆市,台湾省
仁爱乡,南投县,台湾省
仁布县,日喀则地区,西藏自治区
仁德区,台南市,台湾省
仁和区,攀枝花市,四川省
仁化县,韶关市,广东省
仁怀市,遵义市,贵州省
仁寿县,眉山市,四川省
仁武区,高雄市,台湾省
任城区,济宁市,山东省
任丘市,沧州市,河北省
任县,邢台市,河北省
日喀则市,日喀则地区,西藏自治区
日土县,阿里地区,西藏自治区
荣成市,威海市,山东省
荣县,自贡市,四川省
容城县,保定市,河北省
容县,玉林市,广西壮族自治区
榕城区,揭阳市,广东省
榕江县,黔东南苗族侗族自治州,贵州省
融安县,柳州市,广西壮族自治区
融水苗族自治县,柳州市,广西壮族自治区
如东县,南通市,江苏省
如皋市,南通市,江苏省
汝城县,郴州市,湖南省
汝南县,驻马店市,河南省
汝阳县,洛阳市,河南省
汝州市,平顶山市,河南省
乳山市,威海市,山东省
乳源瑶族自治县,韶关市,广东省
芮城县,运城市,山西省
瑞昌市,九江市,江西省
瑞芳区,新北市,台湾省
瑞金市,赣州市,江西省
瑞穗乡,花莲县,台湾省
润州区,镇江市,江苏省
若尔盖县,阿坝藏族羌族自治州,四川省
萨尔图区,大庆市,黑龙江省
萨嘎县,日喀则地区,西藏自治区
萨迦县,日喀则地区,西藏自治区
赛罕区,呼和浩特市,内蒙古自治区
三地门乡,屏东县,台湾省
三都水族自治县,黔南布依族苗族自治州,贵州省
三河市,廊坊市,河北省
三江侗族自治县,柳州市,广西壮族自治区
三民区,高雄市,台湾省
三山区,芜湖市,安徽省
三水区,佛山市,广东省
三穗县,黔东南苗族侗族自治州,贵州省
三台县,绵阳市,四川省
三湾乡,苗栗县,台湾省
三峡区,新北市,台湾省
三星乡,宜兰县,台湾省
三义乡,苗栗县,台湾省
三元区,三明市,福建省
三原县,咸阳市,陕西省
三芝区,新北市,台湾省
三重区,新北市,台湾省
桑日县,山南地区,西藏自治区
桑植县,张家界市,湖南省
桑珠孜区,日喀则市,西藏自治区
色达县,甘孜藏族自治州,四川省
沙河口区,大连市,辽宁省
沙河市,邢台市,河北省
沙鹿区,台中市,台湾省
沙坡头区,中卫市,宁夏回族自治区
沙市区,荆州市,湖北省
沙田区,香港特别行政区,香港特别行政区
沙湾区,乐山市,四川省
沙县,三明市,福建省
沙洋县,荆门市,湖北省
山城区,鹤壁市,河南省
山丹县,张掖市,甘肃省
山海关区,秦皇岛市,河北省
山上区,台南市,台湾省
山亭区,枣庄市,山东省
山阳区,焦作市,河南省
山阳县,商洛市,陕西省
山阴县,朔州市,山西省
杉林区,高雄市,台湾省
陕县,三门峡市,河南省
善化区,台南市,台湾省
商城县,信阳市,河南省
商都县,乌兰察布市,内蒙古自治区
商河县,济南市,山东省
商南县,商洛市,陕西省
商水县,周口市,河南省
商州区,商洛市,陕西省
上蔡县,驻马店市,河南省
上甘岭区,伊春市,黑龙江省
上高县,宜春市,江西省
上杭县,龙岩市,福建省
上街区,郑州市,河南省
上栗县,萍乡市,江西省
上林县,南宁市,广西壮族自治区
上饶县,上饶市,江西省
上思县,防城港市,广西壮族自治区
上犹县,赣州市,江西省
尚义县,张家口市,河北省
尚志市,哈尔滨市,黑龙江省
韶山市,湘潭市,湖南省
邵东县,邵阳市,湖南省
邵武市,南平市,福建省
邵阳县,邵阳市,湖南省
社旗县,南阳市,河南省
社头乡,彰化县,台湾省
射洪县,遂宁市,四川省
射阳县,盐城市,江苏省
涉县,邯郸市,河北省
申扎县,那曲地区,西藏自治区
伸港乡,彰化县,台湾省
莘县,聊城市,山东省
深坑区,新北市,台湾省
深水肚,香港特别行政区,香港特别行政区
深泽县,石家庄市,河北省
深州市,衡水市,河北省
什邡市,德阳市,四川省
神池县,忻州市,山西省
神冈区,台中市,台湾省
神木县,榆林市,陕西省
神农架林区,,湖北省
沈北新区,沈阳市,辽宁省
沈河区,沈阳市,辽宁省
沈丘县,周口市,河南省
圣方济各堂区,澳门特别行政区,澳门特别行政区
狮潭乡,苗栗县,台湾省
狮子山区,铜陵市,安徽省
狮子乡,屏东县,台湾省
施秉县,黔东南苗族侗族自治州,贵州省
负忧,信阳市,河南省
石城县,赣州市,江西省
石碇区,新北市,台湾省
石峰区,株洲市,湖南省
石冈区,台中市,台湾省
石鼓区,衡阳市,湖南省
石拐区,包头市,内蒙古自治区
石景山区,北京市,北京市
石龙区,平顶山市,河南省
石楼县,吕梁市,山西省
石门区,新北市,台湾省
石门县,常德市,湖南省
石棉县,雅安市,四川省
石阡县,铜仁市,贵州省
石渠县,甘孜藏族自治州,四川省
石泉县,安康市,陕西省
石狮市,泉州市,福建省
石首市,荆州市,湖北省
石台县,池州市,安徽省
始兴县,韶关市,广东省
士林区,台北市,台湾省
市北区,青岛市,山东省
市南区,青岛市,山东省
市辖区,三亚市,海南省
市中区,济南市,山东省
市中区,济宁市,山东省
市中区,枣庄市,山东省
市中区,内江市,四川省
市中区,乐山市,四川省
寿丰乡,花莲县,台湾省
寿光市,潍坊市,山东省
寿宁县,宁德市,福建省
寿县,六安市,安徽省
寿阳县,晋中市,山西省
舒城县,六安市,安徽省
舒兰市,吉林市,吉林省
蜀山区,合肥市,安徽省
沭阳县,宿迁市,江苏省
树林区,新北市,台湾省
双城市,哈尔滨市,黑龙江省
双峰县,娄底市,湖南省
双湖县,那曲地区,西藏自治区
双辽市,四平市,吉林省
双流县,成都市,四川省
双滦区,承德市,河北省
双牌县,永州市,湖南省
双桥区,承德市,河北省
双清区,邵阳市,湖南省
双塔区,朝阳市,辽宁省
双台子区,盘锦市,辽宁省
双溪区,新北市,台湾省
双阳区,长春市,吉林省
水城县,六盘水市,贵州省
水里乡,南投县,台湾省
水林乡,云林县,台湾省
水上乡,嘉义县,台湾省
顺昌县,南平市,福建省
顺城区,抚顺市,辽宁省
顺德区,佛山市,广东省
顺河回族区,开封市,河南省
顺平县,保定市,河北省
顺庆区,南充市,四川省
顺义区,北京市,北京市
朔城区,朔州市,山西省
思明区,厦门市,福建省
思南县,铜仁市,贵州省
四方台区,双鸭山市,黑龙江省
四湖乡,云林县,台湾省
四会市,肇庆市,广东省
四子王旗,乌兰察布市,内蒙古自治区
泗洪县,宿迁市,江苏省
泗水县,济宁市,山东省
泗县,宿州市,安徽省
泗阳县,宿迁市,江苏省
松北区,哈尔滨市,黑龙江省
松江区,,上海市
松潘县,阿坝藏族羌族自治州,四川省
松山区,赤峰市,内蒙古自治区
松山区,台北市,台湾省
松桃苗族自治县,铜仁市,贵州省
松溪县,南平市,福建省
松滋市,荆州市,湖北省
嵩县,洛阳市,河南省
苏澳镇,宜兰县,台湾省
苏家屯区,沈阳市,辽宁省
苏尼特右旗,锡林郭勒盟,内蒙古自治区
苏尼特左旗,锡林郭勒盟,内蒙古自治区
苏仙区,郴州市,湖南省
肃北蒙古族自治县,酒泉市,甘肃省
肃南裕固族自治县,张掖市,甘肃省
肃宁县,沧州市,河北省
肃州区,酒泉市,甘肃省
睢宁县,徐州市,江苏省
睢县,商丘市,河南省
睢阳区,商丘市,河南省
濉溪县,淮北市,安徽省
绥滨县,鹤岗市,黑龙江省
绥德县,榆林市,陕西省
绥芬河市,牡丹江市,黑龙江省
绥棱县,绥化市,黑龙江省
绥宁县,邵阳市,湖南省
绥阳县,遵义市,贵州省
绥中县,葫芦岛市,辽宁省
随县,随州市,湖北省
遂川县,吉安市,江西省
遂平县,驻马店市,河南省
遂溪县,湛江市,广东省
孙吴县,黑河市,黑龙江省
索县,那曲地区,西藏自治区
塔河县,大兴安岭地区,黑龙江省
台安县,鞍山市,辽宁省
台东市,台东县,台湾省
台儿庄区,枣庄市,山东省
台江区,福州市,福建省
台江县,黔东南苗族侗族自治州,贵州省
台前县,濮阳市,河南省
台山市,江门市,广东省
台西乡,云林县,台湾省
太白县,宝鸡市,陕西省
太保市,嘉义县,台湾省
太仓市,苏州市,江苏省
太谷县,晋中市,山西省
太和区,锦州市,辽宁省
太和县,阜阳市,安徽省
太湖县,安庆市,安徽省
太康县,周口市,河南省
太麻里乡,台东县,台湾省
太平区,阜新市,辽宁省
太平区,台中市,台湾省
太仆寺旗,锡林郭勒盟,内蒙古自治区
太子河区,辽阳市,辽宁省
泰安乡,苗栗县,台湾省
泰和县,吉安市,江西省
泰来县,齐齐哈尔市,黑龙江省
泰宁县,三明市,福建省
泰山区,泰安市,山东省
泰山区,新北市,台湾省
泰武乡,屏东县,台湾省
泰兴市,泰州市,江苏省
郯城县,临沂市,山东省
覃塘区,贵港市,广西壮族自治区
潭子区,台中市,台湾省
汤旺河区,伊春市,黑龙江省
汤阴县,安阳市,河南省
汤原县,佳木斯市,黑龙江省
唐河县,南阳市,河南省
唐县,保定市,河北省
洮北区,白城市,吉林省
洮南市,白城市,吉林省
桃城区,衡水市,河北省
桃江县,益阳市,湖南省
桃山区,七台河市,黑龙江省
桃园区,桃园市,台湾省
桃源区,高雄市,台湾省
桃源县,常德市,湖南省
滕州市,枣庄市,山东省
藤县,梧州市,广西壮族自治区
天等县,崇左市,广西壮族自治区
天峨县,河池市,广西壮族自治区
天河区,广州市,广东省
天峻县,海西蒙古族藏族自治州,青海省
天门市,,湖北省
天宁区,常州市,江苏省
天桥区,济南市,山东省
天全县,雅安市,四川省
天心区,长沙市,湖南省
天涯区,三亚市,海南省
天元区,株洲市,湖南省
天长市,滁州市,安徽省
天镇县,大同市,山西省
天柱县,黔东南苗族侗族自治州,贵州省
天祝藏族自治县,武威市,甘肃省
田东县,百色市,广西壮族自治区
田家庵区,淮南市,安徽省
田寮区,高雄市,台湾省
田林县,百色市,广西壮族自治区
田尾乡,彰化县,台湾省
田阳县,百色市,广西壮族自治区
田中镇,彰化县,台湾省
调兵山市,铁岭市,辽宁省
铁东区,四平市,吉林省
铁东区,鞍山市,辽宁省
铁锋区,齐齐哈尔市,黑龙江省
铁力市,伊春市,黑龙江省
铁岭县,铁岭市,辽宁省
铁山港区,北海市,广西壮族自治区
铁山区,黄石市,湖北省
铁西区,四平市,吉林省
铁西区,鞍山市,辽宁省
铁西区,沈阳市,辽宁省
亭湖区,盐城市,江苏省
通城县,咸宁市,湖北省
通川区,达州市,四川省
通道侗族自治县,怀化市,湖南省
通河县,哈尔滨市,黑龙江省
通化县,通化市,吉林省
通江县,巴中市,四川省
通山县,咸宁市,湖北省
通渭县,定西市,甘肃省
通霄镇,苗栗县,台湾省
通许县,开封市,河南省
通榆县,白城市,吉林省
通州区,北京市,北京市
通州区,南通市,江苏省
同安区,厦门市,福建省
同德县,海南藏族自治州,青海省
同江市,佳木斯市,黑龙江省
同仁县,黄南藏族自治州,青海省
同心县,吴忠市,宁夏回族自治区
桐柏县,南阳市,河南省
桐城市,安庆市,安徽省
桐梓县,遵义市,贵州省
铜鼓县,宜春市,江西省
铜官山区,铜陵市,安徽省
铜陵县,铜陵市,安徽省
铜锣乡,苗栗县,台湾省
铜山区,徐州市,江苏省
潼关县,渭南市,陕西省
头城镇,宜兰县,台湾省
头份镇,苗栗县,台湾省
头屋乡,苗栗县,台湾省
突泉县,兴安盟,内蒙古自治区
图们市,延边朝鲜族自治州,吉林省
土城区,新北市,台湾省
土库镇,云林县,台湾省
土默特右旗,包头市,内蒙古自治区
土默特左旗,呼和浩特市,内蒙古自治区
团风县,黄冈市,湖北省
屯昌县,,海南省
屯留县,长治市,山西省
屯门区,香港特别行政区,香港特别行政区
屯溪区,黄山市,安徽省
托克托县,呼和浩特市,内蒙古自治区
瓦房店市,大连市,辽宁省
外埔区,台中市,台湾省
湾里区,南昌市,江西省
湾仔区,香港特别行政区,香港特别行政区
宛城区,南阳市,河南省
万安县,吉安市,江西省
万柏林区,太原市,山西省
万丹乡,屏东县,台湾省
万华区,台北市,台湾省
万里区,新北市,台湾省
万峦乡,屏东县,台湾省
万年县,上饶市,江西省
万宁市,,海南省
万全县,张家口市,河北省
万荣县,运城市,山西省
万荣乡,花莲县,台湾省
万山区,铜仁市,贵州省
万秀区,梧州市,广西壮族自治区
万源市,达州市,四川省
万载县,宜春市,江西省
汪清县,延边朝鲜族自治州,吉林省
王益区,铜川市,陕西省
旺苍县,广元市,四川省
望安乡,澎湖县,台湾省
望城区,长沙市,湖南省
望德堂区,澳门特别行政区,澳门特别行政区
望都县,保定市,河北省
望花区,抚顺市,辽宁省
望江县,安庆市,安徽省
望奎县,绥化市,黑龙江省
望谟县,黔西南布依族苗族自治州,贵州省
威宁彝族回族苗族自治县,毕节市,贵州省
威县,邢台市,河北省
威远县,内江市,四川省
微山县,济宁市,山东省
围场满族蒙古族自治县,承德市,河北省
潍城区,潍坊市,山东省
卫滨区,新乡市,河南省
卫东区,平顶山市,河南省
卫辉市,新乡市,河南省
未央区,西安市,陕西省
尉氏县,开封市,河南省
渭滨区,宝鸡市,陕西省
渭城区,咸阳市,陕西省
渭源县,定西市,甘肃省
蔚县,张家口市,河北省
魏都区,许昌市,河南省
魏县,邯郸市,河北省
温江区,成都市,四川省
温县,焦作市,河南省
文安县,廊坊市,河北省
文昌市,,海南省
文登市,威海市,山东省
文峰区,安阳市,河南省
文山区,台北市,台湾省
文圣区,辽阳市,辽宁省
文水县,吕梁市,山西省
文县,陇南市,甘肃省
闻喜县,运城市,山西省
汶川县,阿坝藏族羌族自治州,四川省
汶上县,济宁市,山东省
翁牛特旗,赤峰市,内蒙古自治区
翁源县,韶关市,广东省
瓮安县,黔南布依族苗族自治州,贵州省
涡阳县,亳州市,安徽省
卧龙区,南阳市,河南省
乌达区,乌海市,内蒙古自治区
乌当区,贵阳市,贵州省
乌拉特后旗,巴彦淖尔市,内蒙古自治区
乌拉特前旗,巴彦淖尔市,内蒙古自治区
乌拉特中旗,巴彦淖尔市,内蒙古自治区
乌来区,新北市,台湾省
乌兰浩特市,兴安盟,内蒙古自治区
乌兰县,海西蒙古族藏族自治州,青海省
乌马河区,伊春市,黑龙江省
乌日区,台中市,台湾省
乌审旗,鄂尔多斯市,内蒙古自治区
乌伊岭区,伊春市,黑龙江省
无棣县,滨州市,山东省
无极县,石家庄市,河北省
无为县,芜湖市,安徽省
芜湖县,芜湖市,安徽省
吴堡县,榆林市,陕西省
吴川市,湛江市,广东省
吴江区,苏州市,江苏省
吴起县,延安市,陕西省
吴桥县,沧州市,河北省
吴中区,苏州市,江苏省
梧栖区,台中市,台湾省
五常市,哈尔滨市,黑龙江省
五大连池市,黑河市,黑龙江省
五峰土家族自治县,宜昌市,湖北省
五峰乡,新竹县,台湾省
五股区,新北市,台湾省
五河县,蚌埠市,安徽省
五华县,梅州市,广东省
五结乡,宜兰县,台湾省
五莲县,日照市,山东省
五台县,忻州市,山西省
五通桥区,乐山市,四川省
五营区,伊春市,黑龙江省
五原县,巴彦淖尔市,内蒙古自治区
五寨县,忻州市,山西省
五指山市,,海南省
伍家岗区,宜昌市,湖北省
武安市,邯郸市,河北省
武昌区,武汉市,湖北省
武城县,德州市,山东省
武川县,呼和浩特市,内蒙古自治区
武都区,陇南市,甘肃省
武冈市,邵阳市,湖南省
武功县,咸阳市,陕西省
武侯区,成都市,四川省
武江区,韶关市,广东省
武进区,常州市,江苏省
武陵区,常德市,湖南省
武陵源区,张家界市,湖南省
武鸣县,南宁市,广西壮族自治区
武宁县,九江市,江西省
武平县,龙岩市,福建省
武强县,衡水市,河北省
武清区,,天津市
武山县,天水市,甘肃省
武胜县,广安市,四川省
武乡县,长治市,山西省
武宣县,来宾市,广西壮族自治区
武穴市,黄冈市,湖北省
武夷山市,南平市,福建省
武邑县,衡水市,河北省
武陟县,焦作市,河南省
舞钢市,平顶山市,河南省
舞阳县,漯河市,河南省
务川仡佬族苗族自治县,遵义市,贵州省
婺源县,上饶市,江西省
雾峰区,台中市,台湾省
雾台乡,屏东县,台湾省
西安区,牡丹江市,黑龙江省
西安区,辽源市,吉林省
西昌市,凉山彝族自治州,四川省
西城区,北京市,北京市
西充县,南充市,四川省
西丰县,铁岭市,辽宁省
西峰区,庆阳市,甘肃省
西岗区,大连市,辽宁省
西港区,台南市,台湾省
西工区,洛阳市,河南省
西贡区,香港特别行政区,香港特别行政区
西固区,兰州市,甘肃省
西和县,陇南市,甘肃省
西湖区,南昌市,江西省
西湖乡,苗栗县,台湾省
西华县,周口市,河南省
西吉县,固原市,宁夏回族自治区
西林区,伊春市,黑龙江省
西林县,百色市,广西壮族自治区
西陵区,宜昌市,湖北省
西螺镇,云林县,台湾省
西平县,驻马店市,河南省
西青区,,天津市
西区,攀枝花市,四川省
西区,台中市,台湾省
西区,嘉义市,台湾省
西塞山区,黄石市,湖北省
西市区,营口市,辽宁省
西屯区,台中市,台湾省
西乌珠穆沁旗,锡林郭勒盟,内蒙古自治区
西峡县,南阳市,河南省
西夏区,银川市,宁夏回族自治区
西乡塘区,南宁市,广西壮族自治区
西乡县,汉中市,陕西省
西秀区,安顺市,贵州省
西屿乡,澎湖县,台湾省
汐止区,新北市,台湾省
昔阳县,晋中市,山西省
息烽县,贵阳市,贵州省
息县,信阳市,河南省
浠水县,黄冈市,湖北省
淅川县,南阳市,河南省
锡林浩特市,锡林郭勒盟,内蒙古自治区
锡山区,无锡市,江苏省
溪湖区,本溪市,辽宁省
溪湖镇,彰化县,台湾省
溪口乡,嘉义县,台湾省
溪州乡,彰化县,台湾省
歙县,黄山市,安徽省
习水县,遵义市,贵州省
隰县,临汾市,山西省
喜德县,凉山彝族自治州,四川省
细河区,阜新市,辽宁省
峡江县,吉安市,江西省
霞浦县,宁德市,福建省
霞山区,湛江市,广东省
下花园区,张家口市,河北省
下陆区,黄石市,湖北省
下营区,台南市,台湾省
夏河县,甘南藏族自治州,甘肃省
夏津县,德州市,山东省
夏县,运城市,山西省
夏邑县,商丘市,河南省
仙桃市,,湖北省
仙游县,莆田市,福建省
咸安区,咸宁市,湖北省
咸丰县,恩施土家族苗族自治州,湖北省
线西乡,彰化县,台湾省
献县,沧州市,河北省
乡城县,甘孜藏族自治州,四川省
乡宁县,临汾市,山西省
芗城区,漳州市,福建省
相城区,苏州市,江苏省
相山区,淮北市,安徽省
香坊区,哈尔滨市,黑龙江省
香河县,廊坊市,河北省
香山区,新竹市,台湾省
香洲区,珠海市,广东省
湘东区,萍乡市,江西省
湘桥区,潮州市,广东省
湘潭县,湘潭市,湖南省
湘乡市,湘潭市,湖南省
湘阴县,岳阳市,湖南省
襄城区,襄阳市,湖北省
襄城县,许昌市,河南省
襄汾县,临汾市,山西省
襄垣县,长治市,山西省
襄州区,襄阳市,湖北省
镶黄旗,锡林郭勒盟,内蒙古自治区
祥符区,开封市,河南省
翔安区,厦门市,福建省
响水县,盐城市,江苏省
向阳区,鹤岗市,黑龙江省
向阳区,佳木斯市,黑龙江省
项城市,周口市,河南省
象山区,桂林市,广西壮族自治区
象州县,来宾市,广西壮族自治区
萧县,宿州市,安徽省
V亭区,宜昌市,湖北省
小店区,太原市,山西省
小港区,高雄市,台湾省
小金县,阿坝藏族羌族自治州,四川省
孝昌县,孝感市,湖北省
孝南区,孝感市,湖北省
孝义市,吕梁市,山西省
谢家集区,淮南市,安徽省
谢通门县,日喀则地区,西藏自治区
辛集市,石家庄市,河北省
忻城县,来宾市,广西壮族自治区
忻府区,忻州市,山西省
新安县,洛阳市,河南省
新巴尔虎右旗,呼伦贝尔市,内蒙古自治区
新巴尔虎左旗,呼伦贝尔市,内蒙古自治区
新北区,常州市,江苏省
新宾满族自治县,抚顺市,辽宁省
新蔡县,驻马店市,河南省
新城区,呼和浩特市,内蒙古自治区
新城区,西安市,陕西省
新城乡,花莲县,台湾省
新店区,新北市,台湾省
新都区,成都市,四川省
新丰县,韶关市,广东省
新丰乡,新竹县,台湾省
新抚区,抚顺市,辽宁省
新干县,吉安市,江西省
新港乡,嘉义县,台湾省
新河县,邢台市,河北省
新华区,沧州市,河北省
新华区,石家庄市,河北省
新华区,平顶山市,河南省
新化区,台南市,台湾省
新化县,娄底市,湖南省
新晃侗族自治县,怀化市,湖南省
新会区,江门市,广东省
新建县,南昌市,江西省
新绛县,运城市,山西省
新津县,成都市,四川省
新乐市,石家庄市,河北省
新龙县,甘孜藏族自治州,四川省
新罗区,龙岩市,福建省
新密市,郑州市,河南省
新民市,沈阳市,辽宁省
新宁县,邵阳市,湖南省
新埤乡,屏东县,台湾省
新埔镇,新竹县,台湾省
新浦区,连云港市,江苏省
新青区,伊春市,黑龙江省
新邱区,阜新市,辽宁省
新荣区,大同市,山西省
新邵县,邵阳市,湖南省
新社区,台中市,台湾省
新市区,保定市,河北省
新市区,台南市,台湾省
新泰市,泰安市,山东省
新田县,永州市,湖南省
新屋乡,桃园市,台湾省
新吴区,无锡市,江苏省
新县,信阳市,河南省
新乡县,新乡市,河南省
新兴区,七台河市,黑龙江省
新兴区,高雄市,台湾省
新兴县,云浮市,广东省
新野县,南阳市,河南省
新沂市,徐州市,江苏省
新营区,台南市,台湾省
新园乡,屏东县,台湾省
新郑市,郑州市,河南省
新洲区,武汉市,湖北省
新庄区,新北市,台湾省
信丰县,赣州市,江西省
信宜市,茂名市,广东省
信义区,基隆市,台湾省
信义区,台北市,台湾省
信义乡,南投县,台湾省
信州区,上饶市,江西省
星子县,九江市,江西省
邢台县,邢台市,河北省
兴安区,鹤岗市,黑龙江省
兴安县,桂林市,广西壮族自治区
兴宾区,来宾市,广西壮族自治区
兴城市,葫芦岛市,辽宁省
兴国县,赣州市,江西省
兴海县,海南藏族自治州,青海省
兴和县,乌兰察布市,内蒙古自治区
兴化市,泰州市,江苏省
兴隆台区,盘锦市,辽宁省
兴隆县,承德市,河北省
兴宁区,南宁市,广西壮族自治区
兴宁市,梅州市,广东省
兴平市,咸阳市,陕西省
兴庆区,银川市,宁夏回族自治区
兴仁县,黔西南布依族苗族自治州,贵州省
兴山区,鹤岗市,黑龙江省
兴山县,宜昌市,湖北省
兴文县,宜宾市,四川省
兴县,吕梁市,山西省
兴业县,玉林市,广西壮族自治区
兴义市,黔西南布依族苗族自治州,贵州省
杏花岭区,太原市,山西省
芎林乡,新竹县,台湾省
雄县,保定市,河北省
休宁县,黄山市,安徽省
修水县,九江市,江西省
修文县,贵阳市,贵州省
修武县,焦作市,河南省
宿城区,宿迁市,江苏省
宿松县,安庆市,安徽省
宿豫区,宿迁市,江苏省
秀峰区,桂林市,广西壮族自治区
秀林乡,花莲县,台湾省
秀水乡,彰化县,台湾省
秀英区,海口市,海南省
秀屿区,莆田市,福建省
岫岩满族自治县,鞍山市,辽宁省
盱眙县,淮安市,江苏省
徐汇区,,上海市
徐水县,保定市,河北省
徐闻县,湛江市,广东省
许昌县,许昌市,河南省
叙永县,泸州市,四川省
溆浦县,怀化市,湖南省
宣恩县,恩施土家族苗族自治州,湖北省
宣汉县,达州市,四川省
宣化区,张家口市,河北省
宣化县,张家口市,河北省
宣州区,宣城市,安徽省
玄武区,南京市,江苏省
薛城区,枣庄市,山东省
学甲区,台南市,台湾省
旬阳县,安康市,陕西省
旬邑县,咸阳市,陕西省
寻乌县,赣州市,江西省
浔阳区,九江市,江西省
循化撒拉族自治县,海东地区,青海省
逊克县,黑河市,黑龙江省
牙克石市,呼伦贝尔市,内蒙古自治区
崖州区,三亚市,海南省
雅江县,甘孜藏族自治州,四川省
亚东县,日喀则地区,西藏自治区
鄢陵县,许昌市,河南省
延川县,延安市,陕西省
延吉市,延边朝鲜族自治州,吉林省
延津县,新乡市,河南省
延平区,南平市,福建省
延平乡,台东县,台湾省
延庆县,北京市,北京市
延寿县,哈尔滨市,黑龙江省
延长县,延安市,陕西省
炎陵县,株洲市,湖南省
沿河土家族自治县,铜仁市,贵州省
沿滩区,自贡市,四川省
盐边县,攀枝花市,四川省
盐埕区,高雄市,台湾省
盐池县,吴忠市,宁夏回族自治区
盐都区,盐城市,江苏省
盐湖区,运城市,山西省
盐埔乡,屏东县,台湾省
盐山县,沧州市,河北省
盐水区,台南市,台湾省
盐田区,深圳市,广东省
盐亭县,绵阳市,四川省
盐源县,凉山彝族自治州,四川省
阎良区,西安市,陕西省
兖州市,济宁市,山东省
郾城区,漯河市,河南省
偃师市,洛阳市,河南省
雁峰区,衡阳市,湖南省
雁江区,资阳市,四川省
雁山区,桂林市,广西壮族自治区
雁塔区,西安市,陕西省
燕巢区,高雄市,台湾省
扬中市,镇江市,江苏省
阳城县,晋城市,山西省
阳春市,阳江市,广东省
阳东县,阳江市,广东省
阳高县,大同市,山西省
阳谷县,聊城市,山东省
阳明区,牡丹江市,黑龙江省
阳曲县,太原市,山西省
阳山县,清远市,广东省
阳朔县,桂林市,广西壮族自治区
阳西县,阳江市,广东省
阳新县,黄石市,湖北省
阳信县,滨州市,山东省
阳原县,张家口市,河北省
杨陵区,咸阳市,陕西省
杨梅市,桃园市,台湾省
杨浦区,,上海市
洋县,汉中市,陕西省
尧都区,临汾市,山西省
瑶海区,合肥市,安徽省
耀州区,铜川市,陕西省
叶集区,六安市,安徽省
叶县,平顶山市,河南省
伊川县,洛阳市,河南省
伊春区,伊春市,黑龙江省
伊金霍洛旗,鄂尔多斯市,内蒙古自治区
伊通满族自治县,四平市,吉林省
依安县,齐齐哈尔市,黑龙江省
依兰县,哈尔滨市,黑龙江省
黟县,黄山市,安徽省
仪陇县,南充市,四川省
仪征市,扬州市,江苏省
夷陵区,宜昌市,湖北省
沂南县,临沂市,山东省
沂水县,临沂市,山东省
沂源县,淄博市,山东省
宜宾县,宜宾市,四川省
宜城市,襄阳市,湖北省
宜川县,延安市,陕西省
宜都市,宜昌市,湖北省
宜丰县,宜春市,江西省
宜黄县,抚州市,江西省
宜君县,铜川市,陕西省
宜兰市,宜兰县,台湾省
宜兴市,无锡市,江苏省
宜秀区,安庆市,安徽省
宜阳县,洛阳市,河南省
宜章县,郴州市,湖南省
宜州市,河池市,广西壮族自治区
弋江区,芜湖市,安徽省
弋阳县,上饶市,江西省
义安区,铜陵市,安徽省
义马市,三门峡市,河南省
义县,锦州市,辽宁省
义竹乡,嘉义县,台湾省
易县,保定市,河北省
峄城区,枣庄市,山东省
驿城区,驻马店市,河南省
翼城县,临汾市,山西省
殷都区,安阳市,河南省
银海区,北海市,广西壮族自治区
银州区,铁岭市,辽宁省
印江土家族苗族自治县,铜仁市,贵州省
印台区,铜川市,陕西省
英德市,清远市,广东省
英山县,黄冈市,湖北省
莺歌区,新北市,台湾省
鹰手营子矿区,承德市,河北省
迎江区,安庆市,安徽省
迎泽区,太原市,山西省
荥经县,雅安市,四川省
荥阳市,郑州市,河南省
营山县,南充市,四川省
颍东区,阜阳市,安徽省
颍泉区,阜阳市,安徽省
颍上县,阜阳市,安徽省
颍州区,阜阳市,安徽省
应城市,孝感市,湖北省
应县,朔州市,山西省
邕宁区,南宁市,广西壮族自治区
永安区,高雄市,台湾省
永安市,三明市,福建省
永昌县,金昌市,甘肃省
永城市,商丘市,河南省
永春县,泉州市,福建省
永登县,兰州市,甘肃省
永定区,张家界市,湖南省
永定县,龙岩市,福建省
永丰县,吉安市,江西省
永福县,桂林市,广西壮族自治区
永和区,新北市,台湾省
永和县,临汾市,山西省
永吉县,吉林市,吉林省
永济市,运城市,山西省
永靖县,临夏回族自治州,甘肃省
永靖乡,彰化县,台湾省
永康区,台南市,台湾省
永年县,邯郸市,河北省
永宁县,银川市,宁夏回族自治区
永清县,廊坊市,河北省
永寿县,咸阳市,陕西省
永顺县,湘西土家族苗族自治州,湖南省
永泰县,福州市,福建省
永新县,吉安市,江西省
永兴县,郴州市,湖南省
永修县,九江市,江西省
桥区,宿州市,安徽省
攸县,株洲市,湖南省
尤溪县,三明市,福建省
油尖旺区,香港特别行政区,香港特别行政区
游仙区,绵阳市,四川省
友好区,伊春市,黑龙江省
友谊县,双鸭山市,黑龙江省
右江区,百色市,广西壮族自治区
右玉县,朔州市,山西省
于都县,赣州市,江西省
于洪区,沈阳市,辽宁省
余干县,上饶市,江西省
余江县,鹰潭市,江西省
余庆县,遵义市,贵州省
盂县,阳泉市,山西省
鱼池乡,南投县,台湾省
鱼峰区,柳州市,广西壮族自治区
鱼台县,济宁市,山东省
渝水区,新余市,江西省
榆次区,晋中市,山西省
榆社县,晋中市,山西省
榆树市,长春市,吉林省
榆阳区,榆林市,陕西省
榆中县,兰州市,甘肃省
虞城县,商丘市,河南省
雨城区,雅安市,四川省
雨湖区,湘潭市,湖南省
雨花区,长沙市,湖南省
雨花台区,南京市,江苏省
雨山区,马鞍山市,安徽省
禹城市,德州市,山东省
禹会区,蚌埠市,安徽省
禹王台区,开封市,河南省
禹州市,许昌市,河南省
玉井区,台南市,台湾省
玉里镇,花莲县,台湾省
玉门市,酒泉市,甘肃省
玉屏侗族自治县,铜仁市,贵州省
玉泉区,呼和浩特市,内蒙古自治区
玉山县,上饶市,江西省
玉树县,玉树藏族自治州,青海省
玉田县,唐山市,河北省
玉州区,玉林市,广西壮族自治区
郁南县,云浮市,广东省
裕安区,六安市,安徽省
裕华区,石家庄市,河北省
元坝区,广元市,四川省
元宝区,丹东市,辽宁省
元宝山区,赤峰市,内蒙古自治区
元朗区,香港特别行政区,香港特别行政区
元氏县,石家庄市,河北省
元长乡,云林县,台湾省
员林镇,彰化县,台湾省
员山乡,宜兰县,台湾省
沅江市,益阳市,湖南省
沅陵县,怀化市,湖南省
垣曲县,运城市,山西省
袁州区,宜春市,江西省
原平市,忻州市,山西省
原阳县,新乡市,河南省
原州区,固原市,宁夏回族自治区
源城区,河源市,广东省
源汇区,漯河市,河南省
远安县,宜昌市,湖北省
苑里镇,苗栗县,台湾省
月湖区,鹰潭市,江西省
岳池县,广安市,四川省
岳麓区,长沙市,湖南省
岳塘区,湘潭市,湖南省
岳西县,安庆市,安徽省
岳阳楼区,岳阳市,湖南省
岳阳县,岳阳市,湖南省
越西县,凉山彝族自治州,四川省
越秀区,广州市,广东省
云安县,云浮市,广东省
云城区,云浮市,广东省
云龙区,徐州市,江苏省
云梦县,孝感市,湖北省
云溪区,岳阳市,湖南省
云霄县,漳州市,福建省
云岩区,贵阳市,贵州省
郧西县,十堰市,湖北省
郧县,十堰市,湖北省
郧阳区,十堰市,湖北省
运河区,沧州市,河北省
郓城县,菏泽市,山东省
杂多县,玉树藏族自治州,青海省
赞皇县,石家庄市,河北省
枣强县,衡水市,河北省
枣阳市,襄阳市,湖北省
造桥乡,苗栗县,台湾省
泽库县,黄南藏族自治州,青海省
泽州县,晋城市,山西省
增城市,广州市,广东省
扎赉诺尔区,呼伦贝尔市,内蒙古自治区
扎赉特旗,兴安盟,内蒙古自治区
扎兰屯市,呼伦贝尔市,内蒙古自治区
扎鲁特旗,通辽市,内蒙古自治区
扎囊县,山南地区,西藏自治区
札达县,阿里地区,西藏自治区
闸北区,,上海市
柞水县,商洛市,陕西省
沾化县,滨州市,山东省
站前区,营口市,辽宁省
湛河区,平顶山市,河南省
张北县,张家口市,河北省
张店区,淄博市,山东省
张家川回族自治县,天水市,甘肃省
张家港市,苏州市,江苏省
张湾区,十堰市,湖北省
章贡区,赣州市,江西省
章丘市,济南市,山东省
彰化市,彰化县,台湾省
彰武县,阜新市,辽宁省
漳平市,龙岩市,福建省
漳浦县,漳州市,福建省
漳县,定西市,甘肃省
樟树市,宜春市,江西省
长安区,石家庄市,河北省
长安区,西安市,陕西省
长白朝鲜族自治县,白山市,吉林省
长滨乡,台东县,台湾省
长岛县,烟台市,山东省
长丰县,合肥市,安徽省
长葛市,许昌市,河南省
长海县,大连市,辽宁省
长乐市,福州市,福建省
长岭县,松原市,吉林省
长宁区,,上海市
长宁县,宜宾市,四川省
长清区,济南市,山东省
长沙县,长沙市,湖南省
长顺县,黔南布依族苗族自治州,贵州省
长泰县,漳州市,福建省
长汀县,龙岩市,福建省
长武县,咸阳市,陕西省
长阳土家族自治县,宜昌市,湖北省
长垣县,新乡市,河南省
长治县,长治市,山西省
长治乡,屏东县,台湾省
长洲区,梧州市,广西壮族自治区
长子县,长治市,山西省
招远市,烟台市,山东省
昭化区,广元市,四川省
昭觉县,凉山彝族自治州,四川省
昭平县,贺州市,广西壮族自治区
召陵区,漯河市,河南省
诏安县,漳州市,福建省
赵县,石家庄市,河北省
肇东市,绥化市,黑龙江省
肇源县,大庆市,黑龙江省
肇州县,大庆市,黑龙江省
柘城县,商丘市,河南省
柘荣县,宁德市,福建省
贞丰县,黔西南布依族苗族自治州,贵州省
浈江区,韶关市,广东省
振安区,丹东市,辽宁省
振兴区,丹东市,辽宁省
镇安县,商洛市,陕西省
镇巴县,汉中市,陕西省
镇赉县,白城市,吉林省
镇宁布依族苗族自治县,安顺市,贵州省
镇平县,南阳市,河南省
镇坪县,安康市,陕西省
镇原县,庆阳市,甘肃省
镇远县,黔东南苗族侗族自治州,贵州省
蒸湘区,衡阳市,湖南省
正安县,遵义市,贵州省
正定县,石家庄市,河北省
正蓝旗,锡林郭勒盟,内蒙古自治区
正宁县,庆阳市,甘肃省
正镶白旗,锡林郭勒盟,内蒙古自治区
正阳县,驻马店市,河南省
政和县,南平市,福建省
芝罘区,烟台市,山东省
枝江市,宜昌市,湖北省
织金县,毕节市,贵州省
芷江侗族自治县,怀化市,湖南省
志丹县,延安市,陕西省
治多县,玉树藏族自治州,青海省
中方县,怀化市,湖南省
中和区,新北市,台湾省
中江县,德阳市,四川省
中坜市,桃园市,台湾省
中寮乡,南投县,台湾省
中牟县,郑州市,河南省
中宁县,中卫市,宁夏回族自治区
中埔乡,嘉义县,台湾省
中区,台中市,台湾省
中山区,大连市,辽宁省
中山区,台北市,台湾省
中山区,基隆市,台湾省
中山市市辖区,中山市,广东省
中西区,台南市,台湾省
中西区,香港特别行政区,香港特别行政区
中阳县,吕梁市,山西省
中原区,郑州市,河南省
中站区,焦作市,河南省
中正区,基隆市,台湾省
中正区,台北市,台湾省
钟楼区,常州市,江苏省
钟山区,六盘水市,贵州省
钟山县,贺州市,广西壮族自治区
钟祥市,荆门市,湖北省
仲巴县,日喀则地区,西藏自治区
舟曲县,甘南藏族自治州,甘肃省
周村区,淄博市,山东省
周宁县,宁德市,福建省
周至县,西安市,陕西省
珠晖区,衡阳市,湖南省
珠山区,景德镇市,江西省
株洲县,株洲市,湖南省
诸城市,潍坊市,山东省
竹北市,新竹县,台湾省
竹东镇,新竹县,台湾省
竹南镇,苗栗县,台湾省
竹崎乡,嘉义县,台湾省
竹山县,十堰市,湖北省
竹山镇,南投县,台湾省
竹塘乡,彰化县,台湾省
竹田乡,屏东县,台湾省
竹溪县,十堰市,湖北省
庄河市,大连市,辽宁省
庄浪县,平凉市,甘肃省
壮围乡,宜兰县,台湾省
准格尔旗,鄂尔多斯市,内蒙古自治区
涿鹿县,张家口市,河北省
涿州市,保定市,河北省
卓兰镇,苗栗县,台湾省
卓尼县,甘南藏族自治州,甘肃省
卓溪乡,花莲县,台湾省
卓资县,乌兰察布市,内蒙古自治区
资溪县,抚州市,江西省
资兴市,郴州市,湖南省
资阳区,益阳市,湖南省
资源县,桂林市,广西壮族自治区
资中县,内江市,四川省
淄川区,淄博市,山东省
子长县,延安市,陕西省
子洲县,榆林市,陕西省
秭归县,宜昌市,湖北省
梓官区,高雄市,台湾省
梓潼县,绵阳市,四川省
紫金县,河源市,广东省
紫阳县,安康市,陕西省
紫云苗族布依族自治县,安顺市,贵州省
自流井区,自贡市,四川省
邹城市,济宁市,山东省
邹平县,滨州市,山东省
遵化市,唐山市,河北省
遵义县,遵义市,贵州省
左贡县,昌都地区,西藏自治区
左权县,晋中市,山西省
左营区,高雄市,台湾省
左云县,大同市,山西省
左镇区,台南市,台湾省
阿勒泰市,阿勒泰地区,新疆维吾尔自治区
阿图什市,克孜勒苏柯尔克孜自治州,新疆维吾尔自治区
阿瓦提县,阿克苏地区,新疆维吾尔自治区
巴楚县,喀什地区,新疆维吾尔自治区
巴里坤哈萨克自治县,哈密地区,新疆维吾尔自治区
白碱滩区,克拉玛依市,新疆维吾尔自治区
拜城县,阿克苏地区,新疆维吾尔自治区
博湖县,巴音郭楞蒙古自治州,新疆维吾尔自治区
博乐市,博尔塔拉蒙古自治州,新疆维吾尔自治区
布尔津县,阿勒泰地区,新疆维吾尔自治区
策勒县,和田地区,新疆维吾尔自治区
察布查尔锡伯自治县,伊犁哈萨克自治州,新疆维吾尔自治区
昌吉市,昌吉回族自治州,新疆维吾尔自治区
达坂城区,乌鲁木齐市,新疆维吾尔自治区
独山子区,克拉玛依市,新疆维吾尔自治区
额敏县,塔城地区,新疆维吾尔自治区
福海县,阿勒泰地区,新疆维吾尔自治区
阜康市,昌吉回族自治州,新疆维吾尔自治区
富蕴县,阿勒泰地区,新疆维吾尔自治区
伽师县,喀什地区,新疆维吾尔自治区
巩留县,伊犁哈萨克自治州,新疆维吾尔自治区
哈巴河县,阿勒泰地区,新疆维吾尔自治区
哈密市,哈密地区,新疆维吾尔自治区
和布克赛尔蒙古自治县,塔城地区,新疆维吾尔自治区
和静县,巴音郭楞蒙古自治州,新疆维吾尔自治区
和硕县,巴音郭楞蒙古自治州,新疆维吾尔自治区
和田市,和田地区,新疆维吾尔自治区
和田县,和田地区,新疆维吾尔自治区
呼图壁县,昌吉回族自治州,新疆维吾尔自治区
霍城县,伊犁哈萨克自治州,新疆维吾尔自治区
吉木乃县,阿勒泰地区,新疆维吾尔自治区
吉木萨尔县,昌吉回族自治州,新疆维吾尔自治区
精河县,博尔塔拉蒙古自治州,新疆维吾尔自治区
喀什市,喀什地区,新疆维吾尔自治区
柯坪县,阿克苏地区,新疆维吾尔自治区
克拉玛依区,克拉玛依市,新疆维吾尔自治区
库车县,阿克苏地区,新疆维吾尔自治区
库尔勒市,巴音郭楞蒙古自治州,新疆维吾尔自治区
奎屯市,伊犁哈萨克自治州,新疆维吾尔自治区
轮台县,巴音郭楞蒙古自治州,新疆维吾尔自治区
洛浦县,和田地区,新疆维吾尔自治区
玛纳斯县,昌吉回族自治州,新疆维吾尔自治区
麦盖提县,喀什地区,新疆维吾尔自治区
米东区,乌鲁木齐市,新疆维吾尔自治区
民丰县,和田地区,新疆维吾尔自治区
墨玉县,和田地区,新疆维吾尔自治区
木垒哈萨克自治县,昌吉回族自治州,新疆维吾尔自治区
尼勒克县,伊犁哈萨克自治州,新疆维吾尔自治区
皮山县,和田地区,新疆维吾尔自治区
奇台县,昌吉回族自治州,新疆维吾尔自治区
且末县,巴音郭楞蒙古自治州,新疆维吾尔自治区
青河县,阿勒泰地区,新疆维吾尔自治区
若羌县,巴音郭楞蒙古自治州,新疆维吾尔自治区
沙湾县,塔城地区,新疆维吾尔自治区
沙雅县,阿克苏地区,新疆维吾尔自治区
沙依巴克区,乌鲁木齐市,新疆维吾尔自治区
莎车县,喀什地区,新疆维吾尔自治区
鄯善县,吐鲁番地区,新疆维吾尔自治区
石河子市,,新疆维吾尔自治区
疏附县,喀什地区,新疆维吾尔自治区
疏勒县,喀什地区,新疆维吾尔自治区
水磨沟区,乌鲁木齐市,新疆维吾尔自治区
塔城市,塔城地区,新疆维吾尔自治区
塔什库尔干塔吉克自治县,喀什地区,新疆维吾尔自治区
特克斯县,伊犁哈萨克自治州,新疆维吾尔自治区
天山区,乌鲁木齐市,新疆维吾尔自治区
头屯河区,乌鲁木齐市,新疆维吾尔自治区
图木舒克市,,新疆维吾尔自治区
吐鲁番市,吐鲁番地区,新疆维吾尔自治区
托克逊县,吐鲁番地区,新疆维吾尔自治区
托里县,塔城地区,新疆维吾尔自治区
尉犁县,巴音郭楞蒙古自治州,新疆维吾尔自治区
温泉县,博尔塔拉蒙古自治州,新疆维吾尔自治区
温宿县,阿克苏地区,新疆维吾尔自治区
乌尔禾区,克拉玛依市,新疆维吾尔自治区
乌鲁木齐县,乌鲁木齐市,新疆维吾尔自治区
乌恰县,克孜勒苏柯尔克孜自治州,新疆维吾尔自治区
乌什县,阿克苏地区,新疆维吾尔自治区
乌苏市,塔城地区,新疆维吾尔自治区
五家渠市,,新疆维吾尔自治区
新和县,阿克苏地区,新疆维吾尔自治区
新市区,乌鲁木齐市,新疆维吾尔自治区
新源县,伊犁哈萨克自治州,新疆维吾尔自治区
焉耆回族自治县,巴音郭楞蒙古自治州,新疆维吾尔自治区
叶城县,喀什地区,新疆维吾尔自治区
伊宁市,伊犁哈萨克自治州,新疆维吾尔自治区
伊宁县,伊犁哈萨克自治州,新疆维吾尔自治区
伊吾县,哈密地区,新疆维吾尔自治区
英吉沙县,喀什地区,新疆维吾尔自治区
于田县,和田地区,新疆维吾尔自治区
裕民县,塔城地区,新疆维吾尔自治区
岳普湖县,喀什地区,新疆维吾尔自治区
泽普县,喀什地区,新疆维吾尔自治区
昭苏县,伊犁哈萨克自治州,新疆维吾尔自治区
伊州区,哈密市,新疆维吾尔自治区
阿拉山口市,博尔塔拉蒙古自治州,新疆维吾尔自治区
高昌区,吐鲁番市,新疆维吾尔自治区
霍尔果斯市,伊犁哈萨克自治州,新疆维吾尔自治区
北屯市,自治区直辖县级行政单位,新疆维吾尔自治区
可克达拉市,自治区直辖县级行政单位,新疆维吾尔自治区
昆玉市,自治区直辖县级行政单位,新疆维吾尔自治区
双河市,自治区直辖县级行政单位,新疆维吾尔自治区
铁门关市,自治区直辖县级行政单位,新疆维吾尔自治区
安宁市,昆明市,云南省
宾川县,大理白族自治州,云南省
沧源佤族自治县,临沧市,云南省
昌宁县,保山市,云南省
呈贡区,昆明市,云南省
澄江县,玉溪市,云南省
楚雄市,楚雄彝族自治州,云南省
大关县,昭通市,云南省
大理市,大理白族自治州,云南省
大姚县,楚雄彝族自治州,云南省
德钦县,迪庆藏族自治州,云南省
东川区,昆明市,云南省
峨山彝族自治县,玉溪市,云南省
洱源县,大理白族自治州,云南省
凤庆县,临沧市,云南省
福贡县,怒江傈僳族自治州,云南省
富民县,昆明市,云南省
富宁县,文山壮族苗族自治州,云南省
富源县,曲靖市,云南省
个旧市,红河哈尼族彝族自治州,云南省
耿马傣族佤族自治县,临沧市,云南省
贡山独龙族怒族自治县,怒江傈僳族自治州,云南省
古城区,丽江市,云南省
官渡区,昆明市,云南省
广南县,文山壮族苗族自治州,云南省
河口瑶族自治县,红河哈尼族彝族自治州,云南省
鹤庆县,大理白族自治州,云南省
红河县,红河哈尼族彝族自治州,云南省
红塔区,玉溪市,云南省
华宁县,玉溪市,云南省
华坪县,丽江市,云南省
会泽县,曲靖市,云南省
建水县,红河哈尼族彝族自治州,云南省
剑川县,大理白族自治州,云南省
江城哈尼族彝族自治县,普洱市,云南省
江川县,玉溪市,云南省
金平苗族瑶族傣族自治县,红河哈尼族彝族自治州,云南省
晋宁县,昆明市,云南省
景东彝族自治县,普洱市,云南省
景谷傣族彝族自治县,普洱市,云南省
景洪市,西双版纳傣族自治州,云南省
开远市,红河哈尼族彝族自治州,云南省
兰坪白族普米族自治县,怒江傈僳族自治州,云南省
澜沧拉祜族自治县,普洱市,云南省
梁河县,德宏傣族景颇族自治州,云南省
临翔区,临沧市,云南省
龙陵县,保山市,云南省
隆阳区,保山市,云南省
陇川县,德宏傣族景颇族自治州,云南省
泸水县,怒江傈僳族自治州,云南省
泸西县,红河哈尼族彝族自治州,云南省
鲁甸县,昭通市,云南省
陆良县,曲靖市,云南省
禄丰县,楚雄彝族自治州,云南省
禄劝彝族苗族自治县,昆明市,云南省
罗平县,曲靖市,云南省
绿春县,红河哈尼族彝族自治州,云南省
麻栗坡县,文山壮族苗族自治州,云南省
马关县,文山壮族苗族自治州,云南省
马龙县,曲靖市,云南省
芒市,德宏傣族景颇族自治州,云南省
蒙自市,红河哈尼族彝族自治州,云南省
勐海县,西双版纳傣族自治州,云南省
勐腊县,西双版纳傣族自治州,云南省
孟连傣族拉祜族佤族自治县,普洱市,云南省
弥渡县,大理白族自治州,云南省
弥勒市,红河哈尼族彝族自治州,云南省
墨江哈尼族自治县,普洱市,云南省
牟定县,楚雄彝族自治州,云南省
南华县,楚雄彝族自治州,云南省
南涧彝族自治县,大理白族自治州,云南省
宁洱哈尼族彝族自治县,普洱市,云南省
宁蒗彝族自治县,丽江市,云南省
盘龙区,昆明市,云南省
屏边苗族自治县,红河哈尼族彝族自治州,云南省
麒麟区,曲靖市,云南省
巧家县,昭通市,云南省
丘北县,文山壮族苗族自治州,云南省
瑞丽市,德宏傣族景颇族自治州,云南省
师宗县,曲靖市,云南省
施甸县,保山市,云南省
石林彝族自治县,昆明市,云南省
石屏县,红河哈尼族彝族自治州,云南省
双柏县,楚雄彝族自治州,云南省
双江拉祜族佤族布朗族傣族自治县,临沧市,云南省
水富县,昭通市,云南省
思茅区,普洱市,云南省
嵩明县,昆明市,云南省
绥江县,昭通市,云南省
腾冲县,保山市,云南省
通海县,玉溪市,云南省
威信县,昭通市,云南省
巍山彝族回族自治县,大理白族自治州,云南省
维西傈僳族自治县,迪庆藏族自治州,云南省
文山市,文山壮族苗族自治州,云南省
五华区,昆明市,云南省
武定县,楚雄彝族自治州,云南省
西畴县,文山壮族苗族自治州,云南省
西盟佤族自治县,普洱市,云南省
西山区,昆明市,云南省
香格里拉市,迪庆藏族自治州,云南省
祥云县,大理白族自治州,云南省
新平彝族傣族自治县,玉溪市,云南省
宣威市,曲靖市,云南省
寻甸回族彝族自治县,昆明市,云南省
盐津县,昭通市,云南省
砚山县,文山壮族苗族自治州,云南省
漾濞彝族自治县,大理白族自治州,云南省
姚安县,楚雄彝族自治州,云南省
宜良县,昆明市,云南省
彝良县,昭通市,云南省
易门县,玉溪市,云南省
盈江县,德宏傣族景颇族自治州,云南省
永德县,临沧市,云南省
永平县,大理白族自治州,云南省
永仁县,楚雄彝族自治州,云南省
永善县,昭通市,云南省
永胜县,丽江市,云南省
玉龙纳西族自治县,丽江市,云南省
元江哈尼族彝族傣族自治县,玉溪市,云南省
元谋县,楚雄彝族自治州,云南省
元阳县,红河哈尼族彝族自治州,云南省
云龙县,大理白族自治州,云南省
云县,临沧市,云南省
沾益县,曲靖市,云南省
昭阳区,昭通市,云南省
镇康县,临沧市,云南省
镇雄县,昭通市,云南省
镇沅彝族哈尼族拉祜族自治县,普洱市,云南省
安吉县,湖州市,浙江省
北仑区,宁波市,浙江省
滨江区,杭州市,浙江省
苍南县,温州市,浙江省
常山县,衢州市,浙江省
淳安县,杭州市,浙江省
慈溪市,宁波市,浙江省
岱山县,舟山市,浙江省
德清县,湖州市,浙江省
定海区,舟山市,浙江省
东阳市,金华市,浙江省
洞头县,温州市,浙江省
奉化市,宁波市,浙江省
富阳市,杭州市,浙江省
拱墅区,杭州市,浙江省
海宁市,嘉兴市,浙江省
海曙区,宁波市,浙江省
海盐县,嘉兴市,浙江省
黄岩区,台州市,浙江省
嘉善县,嘉兴市,浙江省
建德市,杭州市,浙江省
江北区,宁波市,浙江省
江东区,宁波市,浙江省
江干区,杭州市,浙江省
江山市,衢州市,浙江省
椒江区,台州市,浙江省
金东区,金华市,浙江省
缙云县,丽水市,浙江省
景宁畲族自治县,丽水市,浙江省
开化县,衢州市,浙江省
柯城区,衢州市,浙江省
兰溪市,金华市,浙江省
乐清市,温州市,浙江省
莲都区,丽水市,浙江省
临安市,杭州市,浙江省
临海市,台州市,浙江省
龙泉市,丽水市,浙江省
龙湾区,温州市,浙江省
龙游县,衢州市,浙江省
鹿城区,温州市,浙江省
路桥区,台州市,浙江省
南湖区,嘉兴市,浙江省
南浔区,湖州市,浙江省
宁海县,宁波市,浙江省
瓯海区,温州市,浙江省
磐安县,金华市,浙江省
平湖市,嘉兴市,浙江省
平阳县,温州市,浙江省
浦江县,金华市,浙江省
普陀区,舟山市,浙江省
青田县,丽水市,浙江省
庆元县,丽水市,浙江省
衢江区,衢州市,浙江省
瑞安市,温州市,浙江省
三门县,台州市,浙江省
上城区,杭州市,浙江省
上虞市,绍兴市,浙江省
绍兴县,绍兴市,浙江省
嵊泗县,舟山市,浙江省
嵊州市,绍兴市,浙江省
松阳县,丽水市,浙江省
遂昌县,丽水市,浙江省
泰顺县,温州市,浙江省
天台县,台州市,浙江省
桐庐县,杭州市,浙江省
桐乡市,嘉兴市,浙江省
温岭市,台州市,浙江省
文成县,温州市,浙江省
吴兴区,湖州市,浙江省
武义县,金华市,浙江省
婺城区,金华市,浙江省
西湖区,杭州市,浙江省
下城区,杭州市,浙江省
仙居县,台州市,浙江省
象山县,宁波市,浙江省
萧山区,杭州市,浙江省
新昌县,绍兴市,浙江省
秀洲区,嘉兴市,浙江省
义乌市,金华市,浙江省
鄞州区,宁波市,浙江省
永嘉县,温州市,浙江省
永康市,金华市,浙江省
余杭区,杭州市,浙江省
余姚市,宁波市,浙江省
玉环县,台州市,浙江省
越城区,绍兴市,浙江省
云和县,丽水市,浙江省
长兴县,湖州市,浙江省
镇海区,宁波市,浙江省
诸暨市,绍兴市,浙江省
柯桥区,绍兴市,浙江省
巴南区,,重庆市
北碚区,,重庆市
璧山县,,重庆市
城口县,,重庆市
大渡口区,,重庆市
大足区,,重庆市
垫江县,,重庆市
丰都县,,重庆市
奉节县,,重庆市
涪陵区,,重庆市
合川区,,重庆市
江北区,,重庆市
江津区,,重庆市
九龙坡区,,重庆市
开县,,重庆市
梁平县,,重庆市
南岸区,,重庆市
南川区,,重庆市
彭水苗族土家族自治县,,重庆市
綦江区,,重庆市
黔江区,,重庆市
荣昌县,,重庆市
沙坪坝区,,重庆市
石柱土家族自治县,,重庆市
铜梁县,,重庆市
潼南县,,重庆市
万州区,,重庆市
巫山县,,重庆市
巫溪县,,重庆市
武隆县,,重庆市
秀山土家族苗族自治县,,重庆市
永川区,,重庆市
酉阳土家族苗族自治县,,重庆市
渝北区,,重庆市
渝中区,,重庆市
云阳县,,重庆市
长寿区,,重庆市
忠县,,重庆市
阿巴嘎旗,锡林郭勒盟,内蒙古自治区
阿坝县,阿坝藏族羌族自治州,四川省
阿城区,哈尔滨市,黑龙江省
阿尔山市,兴安盟,内蒙古自治区
阿合奇县,克孜勒苏柯尔克孜自治州,新疆维吾尔自治区
阿克塞哈萨克族自治县,酒泉市,甘肃省
阿克苏市,阿克苏地区,新疆维吾尔自治区
阿克陶县,克孜勒苏柯尔克孜自治州,新疆维吾尔自治区
阿拉尔市,,新疆维吾尔自治区
阿拉善右旗,阿拉善盟,内蒙古自治区
阿拉善左旗,阿拉善盟,内蒙古自治区
阿里山乡,嘉义县,台湾省
阿莲区,高雄市,台湾省
阿鲁科尔沁旗,赤峰市,内蒙古自治区
阿荣旗,呼伦贝尔市,内蒙古自治区
爱辉区,黑河市,黑龙江省
爱民区,牡丹江市,黑龙江省
安次区,廊坊市,河北省
安达市,绥化市,黑龙江省
安定区,定西市,甘肃省
安定区,台南市,台湾省
安多县,那曲地区,西藏自治区
安福县,吉安市,江西省
安国市,保定市,河北省
安化县,益阳市,湖南省
安居区,遂宁市,四川省
安乐区,基隆市,台湾省
安龙县,黔西南布依族苗族自治州,贵州省
安陆市,孝感市,湖北省
安南区,台南市,台湾省
安宁区,兰州市,甘肃省
安平区,台南市,台湾省
安平县,衡水市,河北省
安丘市,潍坊市,山东省
安仁县,郴州市,湖南省
安塞县,延安市,陕西省
安图县,延边朝鲜族自治州,吉林省
安溪县,泉州市,福建省
安乡县,常德市,湖南省
安新县,保定市,河北省
安阳县,安阳市,河南省
安义县,南昌市,江西省
安源区,萍乡市,江西省
安远县,赣州市,江西省
安岳县,资阳市,四川省
安泽县,临汾市,山西省
安州区,绵阳市,四川省
昂昂溪区,齐齐哈尔市,黑龙江省
昂仁县,日喀则地区,西藏自治区
敖汉旗,赤峰市,内蒙古自治区
澳门半岛,澳门特别行政区,澳门特别行政区
八步区,贺州市,广西壮族自治区
八德市,桃园市,台湾省
八公山区,淮南市,安徽省
八里区,新北市,台湾省
八宿县,昌都地区,西藏自治区
巴东县,恩施土家族苗族自治州,湖北省
巴林右旗,赤峰市,内蒙古自治区
巴林左旗,赤峰市,内蒙古自治区
巴马瑶族自治县,河池市,广西壮族自治区
巴青县,那曲地区,西藏自治区
巴塘县,甘孜藏族自治州,四川省
巴彦县,哈尔滨市,黑龙江省
巴宜区,林芝市,西藏自治区
巴州区,巴中市,四川省
鲅鱼圈区,营口市,辽宁省
霸州市,廊坊市,河北省
灞桥区,西安市,陕西省
白河区,台南市,台湾省
白河县,安康市,陕西省
白朗县,日喀则地区,西藏自治区
白沙黎族自治县,,海南省
白沙乡,澎湖县,台湾省
白水县,渭南市,陕西省
白塔区,辽阳市,辽宁省
白银区,白银市,甘肃省
白玉县,甘孜藏族自治州,四川省
白云鄂博矿区,包头市,内蒙古自治区
白云区,广州市,广东省
白云区,贵阳市,贵州省
柏乡县,邢台市,河北省
拜泉县,齐齐哈尔市,黑龙江省
班戈县,那曲地区,西藏自治区
班玛县,果洛藏族自治州,青海省
板桥区,新北市,台湾省
蚌山区,蚌埠市,安徽省
包河区,合肥市,安徽省
褒忠乡,云林县,台湾省
宝安区,深圳市,广东省
宝坻区,天津市,天津市
宝丰县,平顶山市,河南省
宝清县,双鸭山市,黑龙江省
宝山区,双鸭山市,黑龙江省
宝山区,,上海市
宝山乡,新竹县,台湾省
宝塔区,延安市,陕西省
宝兴县,雅安市,四川省
宝应县,扬州市,江苏省
保德县,忻州市,山西省
保靖县,湘西土家族苗族自治州,湖南省
保康县,襄阳市,湖北省
保亭黎族苗族自治县,,海南省
卑南乡,台东县,台湾省
碑林区,西安市,陕西省
北安市,黑河市,黑龙江省
北辰区,天津市,天津市
北川羌族自治县,绵阳市,四川省
北戴河区,秦皇岛市,河北省
北斗镇,彰化县,台湾省
北港镇,云林县,台湾省
北关区,安阳市,河南省
北湖区,郴州市,湖南省
北林区,绥化市,黑龙江省
北流市,玉林市,广西壮族自治区
北门区,台南市,台湾省
北票市,朝阳市,辽宁省
北埔乡,新竹县,台湾省
北区,新竹市,台湾省
北区,台南市,台湾省
北区,台中市,台湾省
北区,香港特别行政区,香港特别行政区
北市区,保定市,河北省
北塔区,邵阳市,湖南省
北塘区,无锡市,江苏省
北投区,台北市,台湾省
北屯区,台中市,台湾省
北镇市,锦州市,辽宁省
本溪满族自治县,本溪市,辽宁省
比如县,那曲地区,西藏自治区
碧江区,铜仁市,贵州省
边坝县,昌都地区,西藏自治区
宾县,哈尔滨市,黑龙江省
宾阳县,南宁市,广西壮族自治区
彬县,咸阳市,陕西省
滨城区,滨州市,山东省
滨海县,盐城市,江苏省
滨海新区,天津市,天津市
滨湖区,无锡市,江苏省
波密县,林芝地区,西藏自治区
播州区,遵义市,贵州省
泊头市,沧州市,河北省
勃利县,七台河市,黑龙江省
博爱县,焦作市,河南省
博白县,玉林市,广西壮族自治区
博罗县,惠州市,广东省
博山区,淄博市,山东省
博望区,马鞍山市,安徽省
博兴县,滨州市,山东省
博野县,保定市,河北省
布袋镇,嘉义县,台湾省
布拖县,凉山彝族自治州,四川省
蔡甸区,武汉市,湖北省
仓山区,福州市,福建省
苍山县,临沂市,山东省
苍梧县,梧州市,广西壮族自治区
苍溪县,广元市,四川省
沧县,沧州市,河北省
曹妃甸区,唐山市,河北省
曹县,菏泽市,山东省
草屯镇,南投县,台湾省
册亨县,黔西南布依族苗族自治州,贵州省
岑巩县,黔东南苗族侗族自治州,贵州省
岑溪市,梧州市,广西壮族自治区
曾都区,随州市,湖北省
茶陵县,株洲市,湖南省
察哈尔右翼后旗,乌兰察布市,内蒙古自治区
察哈尔右翼前旗,乌兰察布市,内蒙古自治区
察哈尔右翼中旗,乌兰察布市,内蒙古自治区
察雅县,昌都地区,西藏自治区
察隅县,林芝地区,西藏自治区
禅城区,佛山市,广东省
e河回族区,洛阳市,河南省
昌都县,昌都地区,西藏自治区
昌江黎族自治县,,海南省
昌江区,景德镇市,江西省
昌乐县,潍坊市,山东省
昌黎县,秦皇岛市,河北省
昌平区,北京市,北京市
昌图县,铁岭市,辽宁省
昌邑区,吉林市,吉林省
昌邑市,潍坊市,山东省
常宁市,衡阳市,湖南省
常熟市,苏州市,江苏省
巢湖市,合肥市,安徽省
朝天区,广元市,四川省
朝阳区,北京市,北京市
朝阳区,长春市,吉林省
朝阳县,朝阳市,辽宁省
潮安县,潮州市,广东省
潮南区,汕头市,广东省
潮阳区,汕头市,广东省
潮州镇,屏东县,台湾省
车城乡,屏东县,台湾省
辰溪县,怀化市,湖南省
陈巴尔虎旗,呼伦贝尔市,内蒙古自治区
陈仓区,宝鸡市,陕西省
称多县,玉树藏族自治州,青海省
成安县,邯郸市,河北省
成功镇,台东县,台湾省
成华区,成都市,四川省
成武县,菏泽市,山东省
成县,陇南市,甘肃省
承德县,承德市,河北省
城北区,西宁市,青海省
城步苗族自治县,邵阳市,湖南省
城东区,西宁市,青海省
城固县,汉中市,陕西省
城关区,兰州市,甘肃省
城关区,拉萨市,西藏自治区
城区,汕尾市,广东省
城区,大同市,山西省
城区,阳泉市,山西省
城区,晋城市,山西省
城区,长治市,山西省
城西区,西宁市,青海省
城厢区,莆田市,福建省
城阳区,青岛市,山东省
城中区,柳州市,广西壮族自治区
城中区,西宁市,青海省
城子河区,鸡西市,黑龙江省
澄城县,渭南市,陕西省
澄海区,汕头市,广东省
澄迈县,,海南省
池上乡,台东县,台湾省
茌平县,聊城市,山东省
赤壁市,咸宁市,湖北省
赤城县,张家口市,河北省
赤坎区,湛江市,广东省
赤水市,遵义市,贵州省
崇安区,无锡市,江苏省
崇川区,南通市,江苏省
崇礼县,张家口市,河北省
崇明县,,上海市
崇仁县,抚州市,江西省
崇信县,平凉市,甘肃省
崇阳县,咸宁市,湖北省
崇义县,赣州市,江西省
崇州市,成都市,四川省
川汇区,周口市,河南省
船山区,遂宁市,四川省
船营区,吉林市,吉林省
春日乡,屏东县,台湾省
淳化县,咸阳市,陕西省
慈利县,张家界市,湖南省
磁县,邯郸市,河北省
桐乡,云林县,台湾省
枞阳县,安庆市,安徽省
从化市,广州市,广东省
从江县,黔东南苗族侗族自治州,贵州省
丛台区,邯郸市,河北省
翠峦区,伊春市,黑龙江省
翠屏区,宜宾市,四川省
措美县,山南地区,西藏自治区
措勤县,阿里地区,西藏自治区
错那县,山南地区,西藏自治区
达川区,达州市,四川省
达尔罕茂明安联合旗,包头市,内蒙古自治区
达拉特旗,鄂尔多斯市,内蒙古自治区
达仁乡,台东县,台湾省
达日县,果洛藏族自治州,青海省
达孜县,拉萨市,西藏自治区
大安区,自贡市,四川省
大安区,台中市,台湾省
大安区,台北市,台湾省
大安市,白城市,吉林省
大柴旦行政委员会,海西蒙古族藏族自治州,青海省
大厂回族自治县,廊坊市,河北省
大城县,廊坊市,河北省
大城乡,彰化县,台湾省
大村乡,彰化县,台湾省
大东区,沈阳市,辽宁省
大肚区,台中市,台湾省
大方县,毕节市,贵州省
大丰市,盐城市,江苏省
大观区,安庆市,安徽省
大湖乡,苗栗县,台湾省
大化瑶族自治县,河池市,广西壮族自治区
大甲区,台中市,台湾省
大里区,台中市,台湾省
大荔县,渭南市,陕西省
大寮区,高雄市,台湾省
大林镇,嘉义县,台湾省
大名县,邯郸市,河北省
大内区,台南市,台湾省
大宁县,临汾市,山西省
大埤乡,云林县,台湾省
大埔区,香港特别行政区,香港特别行政区
大埔县,梅州市,广东省
大埔乡,嘉义县,台湾省
大社区,高雄市,台湾省
大石桥市,营口市,辽宁省
大树区,高雄市,台湾省
大堂区,澳门特别行政区,澳门特别行政区
大田县,三明市,福建省
大通回族土族自治县,西宁市,青海省
大通区,淮南市,安徽省
大同区,大庆市,黑龙江省
大同区,台北市,台湾省
大同县,大同市,山西省
大同乡,宜兰县,台湾省
大洼县,盘锦市,辽宁省
大武口区,石嘴山市,宁夏回族自治区
大武乡,台东县,台湾省
大悟县,孝感市,湖北省
大溪镇,桃园市,台湾省
大祥区,邵阳市,湖南省
大新县,崇左市,广西壮族自治区
大兴区,北京市,北京市
大雅区,台中市,台湾省
大冶市,黄石市,湖北省
大邑县,成都市,四川省
大英县,遂宁市,四川省
大余县,赣州市,江西省
大园乡,桃园市,台湾省
大竹县,达州市,四川省
代县,忻州市,山西省
岱岳区,泰安市,山东省
带岭区,伊春市,黑龙江省
丹巴县,甘孜藏族自治州,四川省
丹凤县,商洛市,陕西省
丹江口市,十堰市,湖北省
丹棱县,眉山市,四川省
丹徒区,镇江市,江苏省
丹阳市,镇江市,江苏省
丹寨县,黔东南苗族侗族自治州,贵州省
单县,菏泽市,山东省
郸城县,周口市,河南省
儋州市,,海南省
淡水区,新北市,台湾省
当涂县,马鞍山市,安徽省
当雄县,拉萨市,西藏自治区
当阳市,宜昌市,湖北省
凼仔,澳门特别行政区,澳门特别行政区
砀山县,宿州市,安徽省
宕昌县,陇南市,甘肃省
道孚县,甘孜藏族自治州,四川省
道里区,哈尔滨市,黑龙江省
道外区,哈尔滨市,黑龙江省
道县,永州市,湖南省
道真仡佬族苗族自治县,遵义市,贵州省
稻城县,甘孜藏族自治州,四川省
得荣县,甘孜藏族自治州,四川省
德安县,九江市,江西省
德保县,百色市,广西壮族自治区
德昌县,凉山彝族自治州,四川省
德城区,德州市,山东省
德格县,甘孜藏族自治州,四川省
德化县,泉州市,福建省
德惠市,长春市,吉林省
德江县,铜仁市,贵州省
德令哈市,海西蒙古族藏族自治州,青海省
德庆县,肇庆市,广东省
德兴市,上饶市,江西省
灯塔市,辽阳市,辽宁省
登封市,郑州市,河南省
邓州市,南阳市,河南省
磴口县,巴彦淖尔市,内蒙古自治区
滴道区,鸡西市,黑龙江省
点军区,宜昌市,湖北省
电白县,茂名市,广东省
迭部县,甘南藏族自治州,甘肃省
叠彩区,桂林市,广西壮族自治区
蝶山区,梧州市,广西壮族自治区
丁青县,昌都地区,西藏自治区
鼎城区,常德市,湖南省
鼎湖区,肇庆市,广东省
定安县,,海南省
定边县,榆林市,陕西省
定结县,日喀则地区,西藏自治区
定南县,赣州市,江西省
定日县,日喀则地区,西藏自治区
定陶县,菏泽市,山东省
定襄县,忻州市,山西省
定兴县,保定市,河北省
定远县,滁州市,安徽省
定州市,保定市,河北省
东阿县,聊城市,山东省
东安区,牡丹江市,黑龙江省
东安县,永州市,湖南省
东宝区,荆门市,湖北省
东昌府区,聊城市,山东省
东昌区,通化市,吉林省
东城区,北京市,北京市
东方市,,海南省
东丰县,辽源市,吉林省
东风区,佳木斯市,黑龙江省
东港区,日照市,山东省
东港市,丹东市,辽宁省
东港镇,屏东县,台湾省
东莞市市辖区,东莞市,广东省
东光县,沧州市,河北省
东海县,连云港市,江苏省
东河区,包头市,内蒙古自治区
东河乡,台东县,台湾省
东湖区,南昌市,江西省
东兰县,河池市,广西壮族自治区
东丽区,,天津市
东辽县,辽源市,吉林省
东陵区,沈阳市,辽宁省
东明县,菏泽市,山东省
东宁县,牡丹江市,黑龙江省
东平县,泰安市,山东省
东坡区,眉山市,四川省
东区,攀枝花市,四川省
东区,台南市,台湾省
东区,新竹市,台湾省
东区,台中市,台湾省
东区,嘉义市,台湾省
东区,香港特别行政区,香港特别行政区
东山区,鹤岗市,黑龙江省
东山区,台南市,台湾省
东山县,漳州市,福建省
东胜区,鄂尔多斯市,内蒙古自治区
东石乡,嘉义县,台湾省
东势区,台中市,台湾省
东势乡,云林县,台湾省
东台市,盐城市,江苏省
东乌珠穆沁旗,锡林郭勒盟,内蒙古自治区
东西湖区,武汉市,湖北省
东乡县,抚州市,江西省
东乡族自治县,临夏回族自治州,甘肃省
东兴区,内江市,四川省
东兴市,防城港市,广西壮族自治区
东营区,东营市,山东省
东源县,河源市,广东省
东至县,池州市,安徽省
东洲区,抚顺市,辽宁省
冬山乡,宜兰县,台湾省
洞口县,邵阳市,湖南省
都安瑶族自治县,河池市,广西壮族自治区
都昌县,九江市,江西省
都江堰市,成都市,四川省
都兰县,海西蒙古族藏族自治州,青海省
都匀市,黔南布依族苗族自治州,贵州省
斗六市,云林县,台湾省
斗门区,珠海市,广东省
斗南镇,云林县,台湾省
独山县,黔南布依族苗族自治州,贵州省
杜尔伯特蒙古族自治县,大庆市,黑龙江省
杜集区,淮北市,安徽省
端州区,肇庆市,广东省
堆龙德庆县,拉萨市,西藏自治区
敦化市,延边朝鲜族自治州,吉林省
敦煌市,酒泉市,甘肃省
多伦县,锡林郭勒盟,内蒙古自治区
掇刀区,荆门市,湖北省
峨边彝族自治县,乐山市,四川省
峨眉山市,乐山市,四川省
峨眉乡,新竹县,台湾省
额尔古纳市,呼伦贝尔市,内蒙古自治区
额济纳旗,阿拉善盟,内蒙古自治区
鄂城区,鄂州市,湖北省
鄂伦春自治旗,呼伦贝尔市,内蒙古自治区
鄂托克旗,鄂尔多斯市,内蒙古自治区
鄂托克前旗,鄂尔多斯市,内蒙古自治区
鄂温克族自治旗,呼伦贝尔市,内蒙古自治区
恩平市,江门市,广东省
恩施市,恩施土家族苗族自治州,湖北省
恩阳区,巴中市,四川省
二道江区,通化市,吉林省
二道区,长春市,吉林省
二连浩特市,锡林郭勒盟,内蒙古自治区
二林镇,彰化县,台湾省
二仑乡,云林县,台湾省
二七区,郑州市,河南省
二水乡,彰化县,台湾省
法库县,沈阳市,辽宁省
番路乡,嘉义县,台湾省
番禺区,广州市,广东省
樊城区,襄阳市,湖北省
繁昌县,芜湖市,安徽省
繁峙县,忻州市,山西省
范县,濮阳市,河南省
方城县,南阳市,河南省
方山县,吕梁市,山西省
方正县,哈尔滨市,黑龙江省
坊子区,潍坊市,山东省
芳苑乡,彰化县,台湾省
枋寮乡,屏东县,台湾省
枋山乡,屏东县,台湾省
防城区,防城港市,广西壮族自治区
房山区,北京市,北京市
房县,十堰市,湖北省
肥城市,泰安市,山东省
肥东县,合肥市,安徽省
肥西县,合肥市,安徽省
肥乡县,邯郸市,河北省
费县,临沂市,山东省
分宜县,新余市,江西省
芬园乡,彰化县,台湾省
汾西县,临汾市,山西省
汾阳市,吕梁市,山西省
丰滨乡,花莲县,台湾省
丰城市,宜春市,江西省
丰满区,吉林市,吉林省
丰南区,唐山市,河北省
丰宁满族自治县,承德市,河北省
丰润区,唐山市,河北省
丰顺县,梅州市,广东省
丰台区,北京市,北京市
丰县,徐州市,江苏省
丰原区,台中市,台湾省
丰泽区,泉州市,福建省
丰镇市,乌兰察布市,内蒙古自治区
风顺堂区,澳门特别行政区,澳门特别行政区
封开县,肇庆市,广东省
封丘县,新乡市,河南省
峰峰矿区,邯郸市,河北省
凤城市,丹东市,辽宁省
凤冈县,遵义市,贵州省
凤凰县,湘西土家族苗族自治州,湖南省
凤林镇,花莲县,台湾省
凤泉区,新乡市,河南省
凤山区,高雄市,台湾省
凤山县,河池市,广西壮族自治区
凤台县,淮南市,安徽省
凤县,宝鸡市,陕西省
凤翔县,宝鸡市,陕西省
凤阳县,滁州市,安徽省
奉贤区,,上海市
奉新县,宜春市,江西省
佛冈县,清远市,广东省
佛坪县,汉中市,陕西省
扶风县,宝鸡市,陕西省
扶沟县,周口市,河南省
扶绥县,崇左市,广西壮族自治区
扶余市,松原市,吉林省
芙蓉区,长沙市,湖南省
浮梁县,景德镇市,江西省
浮山县,临汾市,山西省
涪城区,绵阳市,四川省
福安市,宁德市,福建省
福鼎市,宁德市,福建省
福绵区,玉林市,广西壮族自治区
福清市,福州市,福建省
福泉市,黔南布依族苗族自治州,贵州省
福山区,烟台市,山东省
福田区,深圳市,广东省
福兴乡,彰化县,台湾省
抚宁县,秦皇岛市,河北省
抚顺县,抚顺市,辽宁省
抚松县,白山市,吉林省
抚远县,佳木斯市,黑龙江省
府谷县,榆林市,陕西省
阜城县,衡水市,河北省
阜南县,阜阳市,安徽省
阜宁县,盐城市,江苏省
阜平县,保定市,河北省
阜新蒙古族自治县,阜新市,辽宁省
复兴区,邯郸市,河北省
复兴乡,桃园市,台湾省
富川瑶族自治县,贺州市,广西壮族自治区
富川瑶族自治县,贺州市,广西壮族自治区
富锦市,佳木斯市,黑龙江省
富拉尔基区,齐齐哈尔市,黑龙江省
富里乡,花莲县,台湾省
富平县,渭南市,陕西省
富顺县,自贡市,四川省
富县,延安市,陕西省
富裕县,齐齐哈尔市,黑龙江省
噶尔县,阿里地区,西藏自治区
改则县,阿里地区,西藏自治区
盖州市,营口市,辽宁省
甘德县,果洛藏族自治州,青海省
甘谷县,天水市,甘肃省
甘井子区,大连市,辽宁省
甘洛县,凉山彝族自治州,四川省
甘南县,齐齐哈尔市,黑龙江省
甘泉县,延安市,陕西省
甘州区,张掖市,甘肃省
甘孜县,甘孜藏族自治州,四川省
赣县,赣州市,江西省
赣榆县,连云港市,江苏省
冈山区,高雄市,台湾省
刚察县,海北藏族自治州,青海省
钢城区,莱芜市,山东省
岗巴县,日喀则地区,西藏自治区
港北区,贵港市,广西壮族自治区
港口区,防城港市,广西壮族自治区
港南区,贵港市,广西壮族自治区
港闸区,南通市,江苏省
皋兰县,兰州市,甘肃省
高安市,宜春市,江西省
高碑店市,保定市,河北省
高淳区,南京市,江苏省
高港区,泰州市,江苏省
高陵县,西安市,陕西省
高密市,潍坊市,山东省
高明区,佛山市,广东省
高平市,晋城市,山西省
高坪区,南充市,四川省
高青县,淄博市,山东省
高树乡,屏东县,台湾省
高台县,张掖市,甘肃省
高唐县,聊城市,山东省
高县,宜宾市,四川省
高阳县,保定市,河北省
高要市,肇庆市,广东省
高邑县,石家庄市,河北省
高邮市,扬州市,江苏省
高州市,茂名市,广东省
藁城市,石家庄市,河北省
革吉县,阿里地区,西藏自治区
格尔木市,海西蒙古族藏族自治州,青海省
根河市,呼伦贝尔市,内蒙古自治区
工布江达县,林芝地区,西藏自治区
工农区,鹤岗市,黑龙江省
弓长岭区,辽阳市,辽宁省
公安县,荆州市,湖北省
公馆乡,苗栗县,台湾省
公主岭市,四平市,吉林省
恭城瑶族自治县,桂林市,广西壮族自治区
巩义市,郑州市,河南省
珙县,宜宾市,四川省
共和县,海南藏族自治州,青海省
共青城市,九江市,江西省
贡嘎县,山南地区,西藏自治区
贡觉县,昌都地区,西藏自治区
贡井区,自贡市,四川省
贡寮区,新北市,台湾省
沽源县,张家口市,河北省
姑苏区,苏州市,江苏省
古交市,太原市,山西省
古坑乡,云林县,台湾省
古浪县,武威市,甘肃省
古蔺县,泸州市,四川省
古塔区,锦州市,辽宁省
古田县,宁德市,福建省
古县,临汾市,山西省
古冶区,唐山市,河北省
古丈县,湘西土家族苗族自治州,湖南省
谷城县,襄阳市,湖北省
鼓楼区,福州市,福建省
鼓楼区,开封市,河南省
鼓楼区,徐州市,江苏省
鼓楼区,南京市,江苏省
鼓山区,高雄市,台湾省
固安县,廊坊市,河北省
固始县,信阳市,河南省
固阳县,包头市,内蒙古自治区
固镇县,蚌埠市,安徽省
故城县,衡水市,河北省
瓜州县,酒泉市,甘肃省
关岭布依族苗族自治县,安顺市,贵州省
关庙区,台南市,台湾省
关山镇,台东县,台湾省
关西镇,新竹县,台湾省
观山湖区,贵阳市,贵州省
观塘区,香港特别行政区,香港特别行政区
观音乡,桃园市,台湾省
官田区,台南市,台湾省
馆陶县,邯郸市,河北省
管城回族区,郑州市,河南省
冠县,聊城市,山东省
灌南县,连云港市,江苏省
灌阳县,桂林市,广西壮族自治区
灌云县,连云港市,江苏省
光复乡,花莲县,台湾省
光山县,信阳市,河南省
光泽县,南平市,福建省
广安区,广安市,四川省
广昌县,抚州市,江西省
广德县,宣城市,安徽省
广丰县,上饶市,江西省
广汉市,德阳市,四川省
广河县,临夏回族自治州,甘肃省
广灵县,大同市,山西省
广陵区,扬州市,江苏省
广宁县,肇庆市,广东省
广平县,邯郸市,河北省
广饶县,东营市,山东省
广水市,随州市,湖北省
广阳区,廊坊市,河北省
广宗县,邢台市,河北省
归仁区,台南市,台湾省
龟山乡,桃园市,台湾省
贵池区,池州市,安徽省
贵德县,海南藏族自治州,青海省
贵定县,黔南布依族苗族自治州,贵州省
贵南县,海南藏族自治州,青海省
贵溪市,鹰潭市,江西省
桂东县,郴州市,湖南省
桂平市,贵港市,广西壮族自治区
桂阳县,郴州市,湖南省
国姓乡,南投县,台湾省
海安县,南通市,江苏省
海勃湾区,乌海市,内蒙古自治区
海沧区,厦门市,福建省
海城区,北海市,广西壮族自治区
海城市,鞍山市,辽宁省
海淀区,北京市,北京市
海端乡,台东县,台湾省
海丰县,汕尾市,广东省
海港区,秦皇岛市,河北省
海拉尔区,呼伦贝尔市,内蒙古自治区
海林市,牡丹江市,黑龙江省
海陵区,泰州市,江苏省
海伦市,绥化市,黑龙江省
海门市,南通市,江苏省
海南区,乌海市,内蒙古自治区
海棠区,三亚市,海南省
海西蒙古族藏族自治州直辖,海西蒙古族藏族自治州,青海省
海兴县,沧州市,河北省
海晏县,海北藏族自治州,青海省
海阳市,烟台市,山东省
海原县,中卫市,宁夏回族自治区
海州区,连云港市,江苏省
海州区,阜新市,辽宁省
海珠区,广州市,广东省
邗江区,扬州市,江苏省
邯郸县,邯郸市,河北省
邯山区,邯郸市,河北省
含山县,马鞍山市,安徽省
涵江区,莆田市,福建省
韩城市,渭南市,陕西省
寒亭区,潍坊市,山东省
汉滨区,安康市,陕西省
汉川市,孝感市,湖北省
汉南区,武汉市,湖北省
汉寿县,常德市,湖南省
汉台区,汉中市,陕西省
汉阳区,武汉市,湖北省
汉阴县,安康市,陕西省
汉源县,雅安市,四川省
行唐县,石家庄市,河北省
杭锦后旗,巴彦淖尔市,内蒙古自治区
杭锦旗,鄂尔多斯市,内蒙古自治区
濠江区,汕头市,广东省
合江县,泸州市,四川省
合浦县,北海市,广西壮族自治区
合山市,来宾市,广西壮族自治区
合水县,庆阳市,甘肃省
合阳县,渭南市,陕西省
合作市,甘南藏族自治州,甘肃省
和林格尔县,呼和浩特市,内蒙古自治区
和龙市,延边朝鲜族自治州,吉林省
和美镇,彰化县,台湾省
和平区,沈阳市,辽宁省
和平区,台中市,台湾省
和平区,,天津市
和平县,河源市,广东省
和顺县,晋中市,山西省
和县,马鞍山市,安徽省
和政县,临夏回族自治州,甘肃省
河北区,,天津市
河东区,临沂市,山东省
河东区,,天津市
河间市,沧州市,河北省
河津市,运城市,山西省
河口区,东营市,山东省
河南蒙古族自治县,黄南藏族自治州,青海省
河曲县,忻州市,山西省
河西区,,天津市
荷塘区,株洲市,湖南省
贺兰县,银川市,宁夏回族自治区
赫山区,益阳市,湖南省
赫章县,毕节市,贵州省
鹤城区,怀化市,湖南省
鹤峰县,恩施土家族苗族自治州,湖北省
鹤山区,鹤壁市,河南省
鹤山市,江门市,广东省
黑山县,锦州市,辽宁省
黑水县,阿坝藏族羌族自治州,四川省
恒春镇,屏东县,台湾省
恒山区,鸡西市,黑龙江省
横峰县,上饶市,江西省
横山县,榆林市,陕西省
横山乡,新竹县,台湾省
横县,南宁市,广西壮族自治区
衡东县,衡阳市,湖南省
衡南县,衡阳市,湖南省
衡山县,衡阳市,湖南省
衡阳县,衡阳市,湖南省
红安县,黄冈市,湖北省
红岗区,大庆市,黑龙江省
红古区,兰州市,甘肃省
红花岗区,遵义市,贵州省
红旗区,新乡市,河南省
红桥区,,天津市
红山区,赤峰市,内蒙古自治区
红寺堡区,吴忠市,宁夏回族自治区
红星区,伊春市,黑龙江省
红原县,阿坝藏族羌族自治州,四川省
宏伟区,辽阳市,辽宁省
虹口区,,上海市
洪洞县,临汾市,山西省
洪湖市,荆州市,湖北省
洪江市,怀化市,湖南省
洪山区,武汉市,湖北省
洪雅县,眉山市,四川省
洪泽县,淮安市,江苏省
侯马市,临汾市,山西省
后壁区,台南市,台湾省
后里区,台中市,台湾省
后龙镇,苗栗县,台湾省
呼兰区,哈尔滨市,黑龙江省
呼玛县,大兴安岭地区,黑龙江省
壶关县,长治市,山西省
湖滨区,三门峡市,河南省
湖口县,九江市,江西省
湖口乡,新竹县,台湾省
湖里区,厦门市,福建省
湖内区,高雄市,台湾省
湖西乡,澎湖县,台湾省
虎林市,鸡西市,黑龙江省
虎丘区,苏州市,江苏省
虎尾镇,云林县,台湾省
互助土族自治县,海东地区,青海省
户县,西安市,陕西省
花地玛堂区,澳门特别行政区,澳门特别行政区
花都区,广州市,广东省
花莲市,花莲县,台湾省
花山区,马鞍山市,安徽省
花坛乡,彰化县,台湾省
花王堂区,澳门特别行政区,澳门特别行政区
花溪区,贵阳市,贵州省
花垣县,湘西土家族苗族自治州,湖南省
华安县,漳州市,福建省
华池县,庆阳市,甘肃省
华龙区,濮阳市,河南省
华容区,鄂州市,湖北省
华容县,岳阳市,湖南省
华亭县,平凉市,甘肃省
华县,渭南市,陕西省
华阴市,渭南市,陕西省
华蓥市,广安市,四川省
华州区,渭南市,陕西省
滑县,安阳市,河南省
化德县,乌兰察布市,内蒙古自治区
化隆回族自治县,海东地区,青海省
化州市,茂名市,广东省
桦川县,佳木斯市,黑龙江省
桦甸市,吉林市,吉林省
桦南县,佳木斯市,黑龙江省
怀安县,张家口市,河北省
怀集县,肇庆市,广东省
怀来县,张家口市,河北省
怀宁县,安庆市,安徽省
怀仁县,朔州市,山西省
怀柔区,北京市,北京市
怀远县,蚌埠市,安徽省
淮安区,淮安市,江苏省
淮滨县,信阳市,河南省
淮上区,蚌埠市,安徽省
淮阳县,周口市,河南省
淮阴区,淮安市,江苏省
槐荫区,济南市,山东省
环翠区,威海市,山东省
环江毛南族自治县,河池市,广西壮族自治区
环县,庆阳市,甘肃省
桓仁满族自治县,本溪市,辽宁省
桓台县,淄博市,山东省
皇姑区,沈阳市,辽宁省
黄陂区,武汉市,湖北省
黄大仙区,香港特别行政区,香港特别行政区
黄岛区,青岛市,山东省
黄骅市,沧州市,河北省
黄陵县,延安市,陕西省
黄龙县,延安市,陕西省
黄梅县,黄冈市,湖北省
黄平县,黔东南苗族侗族自治州,贵州省
黄埔区,广州市,广东省
黄浦区,,上海市
黄山区,黄山市,安徽省
黄石港区,黄石市,湖北省
黄州区,黄冈市,湖北省
湟源县,西宁市,青海省
湟中县,西宁市,青海省
潢川县,信阳市,河南省
珲春市,延边朝鲜族自治州,吉林省
辉南县,通化市,吉林省
辉县市,新乡市,河南省
徽县,陇南市,甘肃省
徽州区,黄山市,安徽省
回民区,呼和浩特市,内蒙古自治区
汇川区,遵义市,贵州省
会昌县,赣州市,江西省
会东县,凉山彝族自治州,四川省
会理县,凉山彝族自治州,四川省
会宁县,白银市,甘肃省
会同县,怀化市,湖南省
惠安县,泉州市,福建省
惠城区,惠州市,广东省
惠东县,惠州市,广东省
惠济区,郑州市,河南省
惠来县,揭阳市,广东省
惠民县,滨州市,山东省
惠农区,石嘴山市,宁夏回族自治区
惠山区,无锡市,江苏省
惠水县,黔南布依族苗族自治州,贵州省
惠阳区,惠州市,广东省
浑江区,白山市,吉林省
浑南区,沈阳市,辽宁省
浑源县,大同市,山西省
获嘉县,新乡市,河南省
霍林郭勒市,通辽市,内蒙古自治区
霍邱县,六安市,安徽省
霍山县,六安市,安徽省
霍州市,临汾市,山西省
鸡东县,鸡西市,黑龙江省
鸡冠区,鸡西市,黑龙江省
鸡泽县,邯郸市,河北省
积石山县,临夏回族自治州,甘肃省
吉安县,吉安市,江西省
吉安乡,花莲县,台湾省
吉利区,洛阳市,河南省
吉隆县,日喀则地区,西藏自治区
吉首市,湘西土家族苗族自治州,湖南省
吉水县,吉安市,江西省
吉县,临汾市,山西省
吉阳区,三亚市,海南省
吉州区,吉安市,江西省
即墨市,青岛市,山东省
集安市,通化市,吉林省
集集镇,南投县,台湾省
集美区,厦门市,福建省
集宁区,乌兰察布市,内蒙古自治区
集贤县,双鸭山市,黑龙江省
济阳县,济南市,山东省
济源市,,河南省
绩溪县,宣城市,安徽省
蓟县,,天津市
稷山县,运城市,山西省
冀州市,衡水市,河北省
加查县,山南地区,西藏自治区
加格达奇区,大兴安岭地区,黑龙江省
佳冬乡,屏东县,台湾省
佳里区,台南市,台湾省
佳木斯市市辖区,佳木斯市,黑龙江省
佳县,榆林市,陕西省
嘉定区,,上海市
嘉禾县,郴州市,湖南省
嘉黎县,那曲地区,西藏自治区
嘉陵区,南充市,四川省
嘉模堂区,澳门特别行政区,澳门特别行政区
嘉祥县,济宁市,山东省
嘉荫县,伊春市,黑龙江省
嘉鱼县,咸宁市,湖北省
嘉峪关市市辖区,嘉峪关市,甘肃省
夹江县,乐山市,四川省
郏县,平顶山市,河南省
甲仙区,高雄市,台湾省
贾汪区,徐州市,江苏省
尖草坪区,太原市,山西省
尖山区,双鸭山市,黑龙江省
尖石乡,新竹县,台湾省
尖扎县,黄南藏族自治州,青海省
监利县,荆州市,湖北省
犍为县,乐山市,四川省
简阳市,资阳市,四川省
建昌县,葫芦岛市,辽宁省
建湖县,盐城市,江苏省
建华区,齐齐哈尔市,黑龙江省
建宁县,三明市,福建省
建瓯市,南平市,福建省
建平县,朝阳市,辽宁省
建始县,恩施土家族苗族自治州,湖北省
建阳市,南平市,福建省
建邺区,南京市,江苏省
剑阁县,广元市,四川省
剑河县,黔东南苗族侗族自治州,贵州省
涧西区,洛阳市,河南省
江安县,宜宾市,四川省
江岸区,武汉市,湖北省
江城区,阳江市,广东省
江达县,昌都地区,西藏自治区
江都区,扬州市,江苏省
江海区,江门市,广东省
江汉区,武汉市,湖北省
江华瑶族自治县,永州市,湖南省
江口县,铜仁市,贵州省
江陵县,荆州市,湖北省
江南区,南宁市,广西壮族自治区
江宁区,南京市,江苏省
江夏区,武汉市,湖北省
江阳区,泸州市,四川省
江阴市,无锡市,江苏省
江永县,永州市,湖南省
江油市,绵阳市,四川省
江源区,白山市,吉林省
江州区,崇左市,广西壮族自治区
江孜县,日喀则地区,西藏自治区
将军区,台南市,台湾省
将乐县,三明市,福建省
姜堰区,泰州市,江苏省
绛县,运城市,山西省
交城县,吕梁市,山西省
交口县,吕梁市,山西省
郊区,铜陵市,安徽省
郊区,佳木斯市,黑龙江省
郊区,阳泉市,山西省
郊区,长治市,山西省
胶州市,青岛市,山东省
蛟河市,吉林市,吉林省
蕉城区,宁德市,福建省
蕉岭县,梅州市,广东省
礁溪乡,宜兰县,台湾省
揭东区,揭阳市,广东省
揭西县,揭阳市,广东省
解放区,焦作市,河南省
介休市,晋中市,山西省
界首市,阜阳市,安徽省
金安区,六安市,安徽省
金城江区,河池市,广西壮族自治区
金川区,金昌市,甘肃省
金川县,阿坝藏族羌族自治州,四川省
金峰乡,台东县,台湾省
金凤区,银川市,宁夏回族自治区
金湖县,淮安市,江苏省
金口河区,乐山市,四川省
金门县,泉州市,福建省
金牛区,成都市,四川省
金平区,汕头市,广东省
金沙县,毕节市,贵州省
金山区,,上海市
金山区,新北市,台湾省
金山屯区,伊春市,黑龙江省
金水区,郑州市,河南省
金塔县,酒泉市,甘肃省
金台区,宝鸡市,陕西省
金坛市,常州市,江苏省
金堂县,成都市,四川省
金湾区,珠海市,广东省
金溪县,抚州市,江西省
金乡县,济宁市,山东省
金秀瑶族自治县,来宾市,广西壮族自治区
金阳县,凉山彝族自治州,四川省
金寨县,六安市,安徽省
金州区,大连市,辽宁省
津南区,,天津市
津市市,常德市,湖南省
锦江区,成都市,四川省
锦屏县,黔东南苗族侗族自治州,贵州省
进贤县,南昌市,江西省
晋安区,福州市,福建省
晋江市,泉州市,福建省
晋源区,太原市,山西省
晋州市,石家庄市,河北省
京口区,镇江市,江苏省
京山县,荆门市,湖北省
泾川县,平凉市,甘肃省
泾县,宣城市,安徽省
泾阳县,咸阳市,陕西省
泾源县,固原市,宁夏回族自治区
荆州区,荆州市,湖北省
旌德县,宣城市,安徽省
旌阳区,德阳市,四川省
井冈山市,吉安市,江西省
井陉矿区,石家庄市,河北省
井陉县,石家庄市,河北省
井研县,乐山市,四川省
景泰县,白银市,甘肃省
景县,衡水市,河北省
竞秀区,保定市,河北省
靖安县,宜春市,江西省
靖边县,榆林市,陕西省
靖江市,泰州市,江苏省
靖西县,百色市,广西壮族自治区
靖宇县,白山市,吉林省
靖远县,白银市,甘肃省
靖州苗族侗族自治县,怀化市,湖南省
静安区,,上海市
静海县,,天津市
静乐县,忻州市,山西省
静宁县,平凉市,甘肃省
镜湖区,芜湖市,安徽省
鸠江区,芜湖市,安徽省
九江县,九江市,江西省
九龙城区,香港特别行政区,香港特别行政区
九龙县,甘孜藏族自治州,四川省
九如乡,屏东县,台湾省
九台市,长春市,吉林省
九原区,包头市,内蒙古自治区
九寨沟县,阿坝藏族羌族自治州,四川省
久治县,果洛藏族自治州,青海省
莒南县,临沂市,山东省
莒县,日照市,山东省
巨鹿县,邢台市,河北省
巨野县,菏泽市,山东省
句容市,镇江市,江苏省
鄄城县,菏泽市,山东省
君山区,岳阳市,湖南省
筠连县,宜宾市,四川省
浚县,鹤壁市,河南省
喀喇沁旗,赤峰市,内蒙古自治区
喀喇沁左翼蒙古族自治县,朝阳市,辽宁省
卡若区,昌都市,西藏自治区
开封市市辖区,开封市,河南省
开封县,开封市,河南省
开福区,长沙市,湖南省
开江县,达州市,四川省
开鲁县,通辽市,内蒙古自治区
开平区,唐山市,河北省
开平市,江门市,广东省
开阳县,贵阳市,贵州省
开原市,铁岭市,辽宁省
凯里市,黔东南苗族侗族自治州,贵州省
顶乡,屏东县,台湾省
康巴什区,鄂尔多斯市,内蒙古自治区
康保县,张家口市,河北省
康定县,甘孜藏族自治州,四川省
康乐县,临夏回族自治州,甘肃省
康马县,日喀则地区,西藏自治区
康平县,沈阳市,辽宁省
康县,陇南市,甘肃省
科尔沁区,通辽市,内蒙古自治区
科尔沁右翼前旗,兴安盟,内蒙古自治区
科尔沁右翼中旗,兴安盟,内蒙古自治区
科尔沁左翼后旗,通辽市,内蒙古自治区
科尔沁左翼中旗,通辽市,内蒙古自治区
岢岚县,忻州市,山西省
克东县,齐齐哈尔市,黑龙江省
克山县,齐齐哈尔市,黑龙江省
克什克腾旗,赤峰市,内蒙古自治区
垦利县,东营市,山东省
崆峒区,平凉市,甘肃省
口湖乡,云林县,台湾省
库伦旗,通辽市,内蒙古自治区
宽城满族自治县,承德市,河北省
宽城区,长春市,吉林省
宽甸满族自治县,丹东市,辽宁省
矿区,阳泉市,山西省
矿区,大同市,山西省
奎文区,潍坊市,山东省
葵青区,香港特别行政区,香港特别行政区
昆都仑区,包头市,内蒙古自治区
昆山市,苏州市,江苏省
拉孜县,日喀则地区,西藏自治区
来安县,滁州市,安徽省
来凤县,恩施土家族苗族自治州,湖北省
来义乡,屏东县,台湾省
莱城区,莱芜市,山东省
莱山区,烟台市,山东省
莱西市,青岛市,山东省
莱阳市,烟台市,山东省
莱州市,烟台市,山东省
涞水县,保定市,河北省
涞源县,保定市,河北省
兰考县,开封市,河南省
兰陵县,临沂市,山东省
兰山区,临沂市,山东省
兰西县,绥化市,黑龙江省
兰屿乡,台东县,台湾省
岚皋县,安康市,陕西省
岚山区,日照市,山东省
岚县,吕梁市,山西省
蓝山县,永州市,湖南省
蓝田县,西安市,陕西省
郎溪县,宣城市,安徽省
阆中市,南充市,四川省
琅琊区,滁州市,安徽省
朗县,林芝地区,西藏自治区
浪卡子县,山南地区,西藏自治区
崂山区,青岛市,山东省
老边区,营口市,辽宁省
老城区,洛阳市,河南省
老河口市,襄阳市,湖北省
乐安县,抚州市,江西省
乐昌市,韶关市,广东省
乐东黎族自治县,,海南省
乐都县,海东地区,青海省
乐陵市,德州市,山东省
乐平市,景德镇市,江西省
乐亭县,唐山市,河北省
乐业县,百色市,广西壮族自治区
乐至县,资阳市,四川省
雷波县,凉山彝族自治州,四川省
雷山县,黔东南苗族侗族自治州,贵州省
雷州市,湛江市,广东省
耒阳市,衡阳市,湖南省
类乌齐县,昌都地区,西藏自治区
冷湖行政委员会,海西蒙古族藏族自治州,青海省
冷水江市,娄底市,湖南省
冷水滩区,永州市,湖南省
离岛区,香港特别行政区,香港特别行政区
离石区,吕梁市,山西省
梨树区,鸡西市,黑龙江省
梨树县,四平市,吉林省
黎城县,长治市,山西省
黎川县,抚州市,江西省
黎平县,黔东南苗族侗族自治州,贵州省
蠡县,保定市,河北省
礼泉县,咸阳市,陕西省
礼县,陇南市,甘肃省
李沧区,青岛市,山东省
里港乡,屏东县,台湾省
理塘县,甘孜藏族自治州,四川省
理县,阿坝藏族羌族自治州,四川省
鲤城区,泉州市,福建省
澧县,常德市,湖南省
醴陵市,株洲市,湖南省
历城区,济南市,山东省
历下区,济南市,山东省
立山区,鞍山市,辽宁省
利川市,恩施土家族苗族自治州,湖北省
利津县,东营市,山东省
利通区,吴忠市,宁夏回族自治区
利辛县,亳州市,安徽省
利州区,广元市,四川省
荔波县,黔南布依族苗族自治州,贵州省
荔城区,莆田市,福建省
荔浦县,桂林市,广西壮族自治区
荔湾区,广州市,广东省
溧水区,南京市,江苏省
溧阳市,常州市,江苏省
连城县,龙岩市,福建省
连江县,福州市,福建省
连南瑶族自治县,清远市,广东省
连平县,河源市,广东省
连山区,葫芦岛市,辽宁省
连山壮族瑶族自治县,清远市,广东省
连云区,连云港市,江苏省
连州市,清远市,广东省
莲池区,保定市,河北省
莲湖区,西安市,陕西省
莲花县,萍乡市,江西省
涟水县,淮安市,江苏省
涟源市,娄底市,湖南省
廉江市,湛江市,广东省
濂溪区,九江市,江西省
良庆区,南宁市,广西壮族自治区
凉城县,乌兰察布市,内蒙古自治区
凉州区,武威市,甘肃省
梁山县,济宁市,山东省
梁溪区,无锡市,江苏省
梁园区,商丘市,河南省
梁子湖区,鄂州市,湖北省
两当县,陇南市,甘肃省
辽阳县,辽阳市,辽宁省
辽中县,沈阳市,辽宁省
烈山区,淮北市,安徽省
邻水县,广安市,四川省
林边乡,屏东县,台湾省
林甸县,大庆市,黑龙江省
林口区,新北市,台湾省
林口县,牡丹江市,黑龙江省
林内乡,云林县,台湾省
林西县,赤峰市,内蒙古自治区
林园区,高雄市,台湾省
林芝县,林芝地区,西藏自治区
林州市,安阳市,河南省
林周县,拉萨市,西藏自治区
临城县,邢台市,河北省
临川区,抚州市,江西省
临高县,,海南省
临桂县,桂林市,广西壮族自治区
临河区,巴彦淖尔市,内蒙古自治区
临江市,白山市,吉林省
临澧县,常德市,湖南省
临清市,聊城市,山东省
临朐县,潍坊市,山东省
临泉县,阜阳市,安徽省
临沭县,临沂市,山东省
临潭县,甘南藏族自治州,甘肃省
临洮县,定西市,甘肃省
临潼区,西安市,陕西省
临渭区,渭南市,陕西省
临武县,郴州市,湖南省
临西县,邢台市,河北省
临夏市,临夏回族自治州,甘肃省
临夏县,临夏回族自治州,甘肃省
临县,吕梁市,山西省
临湘市,岳阳市,湖南省
临猗县,运城市,山西省
临邑县,德州市,山东省
临颍县,漯河市,河南省
临泽县,张掖市,甘肃省
临漳县,邯郸市,河北省
临淄区,淄博市,山东省
麟洛乡,屏东县,台湾省
麟游县,宝鸡市,陕西省
灵宝市,三门峡市,河南省
灵璧县,宿州市,安徽省
灵川县,桂林市,广西壮族自治区
灵丘县,大同市,山西省
灵山县,钦州市,广西壮族自治区
灵石县,晋中市,山西省
灵寿县,石家庄市,河北省
灵台县,平凉市,甘肃省
灵武市,银川市,宁夏回族自治区
苓雅区,高雄市,台湾省
凌海市,锦州市,辽宁省
凌河区,锦州市,辽宁省
凌源市,朝阳市,辽宁省
凌云县,百色市,广西壮族自治区
陵城区,德州市,山东省
陵川县,晋城市,山西省
陵水黎族自治县,,海南省
零陵区,永州市,湖南省
岭东区,双鸭山市,黑龙江省
浏阳市,长沙市,湖南省
留坝县,汉中市,陕西省
琉球乡,屏东县,台湾省
柳北区,柳州市,广西壮族自治区
柳城县,柳州市,广西壮族自治区
柳河县,通化市,吉林省
柳江县,柳州市,广西壮族自治区
柳林县,吕梁市,山西省
柳南区,柳州市,广西壮族自治区
柳营区,台南市,台湾省
六龟区,高雄市,台湾省
六合区,南京市,江苏省
六甲区,台南市,台湾省
六脚乡,嘉义县,台湾省
六枝特区,六盘水市,贵州省
龙安区,安阳市,河南省
龙城区,朝阳市,辽宁省
龙川县,河源市,广东省
龙凤区,大庆市,黑龙江省
龙岗区,深圳市,广东省
龙港区,葫芦岛市,辽宁省
龙海市,漳州市,福建省
龙湖区,汕头市,广东省
龙华区,海口市,海南省
龙江县,齐齐哈尔市,黑龙江省
龙井区,台中市,台湾省
龙井市,延边朝鲜族自治州,吉林省
龙口市,烟台市,山东省
龙里县,黔南布依族苗族自治州,贵州省
龙马潭区,泸州市,四川省
龙门县,惠州市,广东省
龙南县,赣州市,江西省
龙崎区,台南市,台湾省
龙泉驿区,成都市,四川省
龙沙区,齐齐哈尔市,黑龙江省
龙山区,辽源市,吉林省
龙山县,湘西土家族苗族自治州,湖南省
龙胜各族自治县,桂林市,广西壮族自治区
龙潭区,吉林市,吉林省
龙潭乡,桃园市,台湾省
龙亭区,开封市,河南省
龙圩区,梧州市,广西壮族自治区
龙文区,漳州市,福建省
龙州县,崇左市,广西壮族自治区
龙子湖区,蚌埠市,安徽省
隆安县,南宁市,广西壮族自治区
隆昌县,内江市,四川省
隆德县,固原市,宁夏回族自治区
隆化县,承德市,河北省
隆回县,邵阳市,湖南省
隆林各族自治县,百色市,广西壮族自治区
隆尧县,邢台市,河北省
隆子县,山南地区,西藏自治区
陇西县,定西市,甘肃省
陇县,宝鸡市,陕西省
娄烦县,太原市,山西省
娄星区,娄底市,湖南省
卢龙县,秦皇岛市,河北省
卢氏县,三门峡市,河南省
芦山县,雅安市,四川省
芦淞区,株洲市,湖南省
芦溪县,萍乡市,江西省
芦洲区,新北市,台湾省
芦竹乡,桃园市,台湾省
庐江县,合肥市,安徽省
庐山区,九江市,江西省
庐阳区,合肥市,安徽省
炉霍县,甘孜藏族自治州,四川省
泸定县,甘孜藏族自治州,四川省
泸溪县,湘西土家族苗族自治州,湖南省
泸县,泸州市,四川省
鲁山县,平顶山市,河南省
陆川县,玉林市,广西壮族自治区
陆丰市,汕尾市,广东省
陆河县,汕尾市,广东省
鹿草乡,嘉义县,台湾省
鹿港镇,彰化县,台湾省
鹿谷乡,南投县,台湾省
鹿泉市,石家庄市,河北省
鹿野乡,台东县,台湾省
鹿邑县,周口市,河南省
鹿寨县,柳州市,广西壮族自治区
碌曲县,甘南藏族自治州,甘肃省
路北区,唐山市,河北省
路凼城,澳门特别行政区,澳门特别行政区
路凼填海区,澳门特别行政区,澳门特别行政区
路环,澳门特别行政区,澳门特别行政区
路南区,唐山市,河北省
路竹区,高雄市,台湾省
潞城市,长治市,山西省
栾城县,石家庄市,河北省
栾川县,洛阳市,河南省
滦南县,唐山市,河北省
滦平县,承德市,河北省
滦县,唐山市,河北省
仑背乡,云林县,台湾省
罗城仫佬族自治县,河池市,广西壮族自治区
罗甸县,黔南布依族苗族自治州,贵州省
罗定市,云浮市,广东省
罗东镇,宜兰县,台湾省
罗湖区,深圳市,广东省
罗江县,德阳市,四川省
罗山县,信阳市,河南省
罗田县,黄冈市,湖北省
罗源县,福州市,福建省
罗庄区,临沂市,山东省
萝北县,鹤岗市,黑龙江省
萝岗区,广州市,广东省
洛川县,延安市,陕西省
洛江区,泉州市,福建省
洛龙区,洛阳市,河南省
洛隆县,昌都地区,西藏自治区
洛南县,商洛市,陕西省
洛宁县,洛阳市,河南省
洛扎县,山南地区,西藏自治区
旅顺口区,大连市,辽宁省
绿岛乡,台东县,台湾省
绿园区,长春市,吉林省
略阳县,汉中市,陕西省
麻城市,黄冈市,湖北省
麻豆区,台南市,台湾省
麻江县,黔东南苗族侗族自治州,贵州省
麻山区,鸡西市,黑龙江省
麻阳苗族自治县,怀化市,湖南省
麻章区,湛江市,广东省
马边彝族自治县,乐山市,四川省
马村区,焦作市,河南省
马尔康县,阿坝藏族羌族自治州,四川省
马公市,澎湖县,台湾省
马山县,南宁市,广西壮族自治区
马尾区,福州市,福建省
玛多县,果洛藏族自治州,青海省
玛家乡,屏东县,台湾省
玛沁县,果洛藏族自治州,青海省
玛曲县,甘南藏族自治州,甘肃省
麦积区,天水市,甘肃省
麦寮乡,云林县,台湾省
满城县,保定市,河北省
满州乡,屏东县,台湾省
满洲里市,呼伦贝尔市,内蒙古自治区
芒康县,昌都地区,西藏自治区
茫崖行政委员会,海西蒙古族藏族自治州,青海省
茅箭区,十堰市,湖北省
茂港区,茂名市,广东省
茂林区,高雄市,台湾省
茂南区,茂名市,广东省
茂县,阿坝藏族羌族自治州,四川省
眉县,宝鸡市,陕西省
梅河口市,通化市,吉林省
梅江区,梅州市,广东省
梅里斯达斡尔族区,齐齐哈尔市,黑龙江省
梅列区,三明市,福建省
梅山乡,嘉义县,台湾省
梅县,梅州市,广东省
湄潭县,遵义市,贵州省
美姑县,凉山彝族自治州,四川省
美兰区,海口市,海南省
美浓区,高雄市,台湾省
美溪区,伊春市,黑龙江省
门头沟区,北京市,北京市
门源回族自治县,海北藏族自治州,青海省
蒙城县,亳州市,安徽省
蒙山县,梧州市,广西壮族自治区
蒙阴县,临沂市,山东省
孟村回族自治县,沧州市,河北省
孟津县,洛阳市,河南省
孟州市,焦作市,河南省
弥陀区,高雄市,台湾省
米林县,林芝地区,西藏自治区
米易县,攀枝花市,四川省
米脂县,榆林市,陕西省
汨罗市,岳阳市,湖南省
泌阳县,驻马店市,河南省
密山市,鸡西市,黑龙江省
密云县,北京市,北京市
绵竹市,德阳市,四川省
勉县,汉中市,陕西省
冕宁县,凉山彝族自治州,四川省
渑池县,三门峡市,河南省
苗栗市,苗栗县,台湾省
民和回族土族自治县,海东地区,青海省
民乐县,张掖市,甘肃省
民勤县,武威市,甘肃省
民权县,商丘市,河南省
民雄乡,嘉义县,台湾省
岷县,定西市,甘肃省
闵行区,,上海市
闽侯县,福州市,福建省
闽清县,福州市,福建省
名间乡,南投县,台湾省
名山区,雅安市,四川省
明光市,滁州市,安徽省
明山区,本溪市,辽宁省
明水县,绥化市,黑龙江省
明溪县,三明市,福建省
莫力达瓦达斡尔族自治旗,呼伦贝尔市,内蒙古自治区
漠河县,大兴安岭地区,黑龙江省
墨脱县,林芝地区,西藏自治区
墨竹工卡县,拉萨市,西藏自治区
牟平区,烟台市,山东省
牡丹区,菏泽市,山东省
牡丹乡,屏东县,台湾省
木兰县,哈尔滨市,黑龙江省
木里藏族自治县,凉山彝族自治州,四川省
沐川县,乐山市,四川省
牧野区,新乡市,河南省
穆棱市,牡丹江市,黑龙江省
那玛夏区,高雄市,台湾省
那坡县,百色市,广西壮族自治区
那曲县,那曲地区,西藏自治区
纳溪区,泸州市,四川省
纳雍县,毕节市,贵州省
乃东县,山南地区,西藏自治区
奈曼旗,通辽市,内蒙古自治区
南安市,泉州市,福建省
南澳县,汕头市,广东省
南澳乡,宜兰县,台湾省
南部县,南充市,四川省
南岔区,伊春市,黑龙江省
南昌县,南昌市,江西省
南城县,抚州市,江西省
南丹县,河池市,广西壮族自治区
南芬区,本溪市,辽宁省
南丰县,抚州市,江西省
南岗区,哈尔滨市,黑龙江省
南港区,台北市,台湾省
南宫市,邢台市,河北省
南关区,长春市,吉林省
南海区,佛山市,广东省
南和县,邢台市,河北省
南化区,台南市,台湾省
南江县,巴中市,四川省
南郊区,大同市,山西省
南靖县,漳州市,福建省
南开区,,天津市
南康市,赣州市,江西省
南乐县,濮阳市,河南省
南陵县,芜湖市,安徽省
南明区,贵阳市,贵州省
南木林县,日喀则地区,西藏自治区
南皮县,沧州市,河北省
南票区,葫芦岛市,辽宁省
南谯区,滁州市,安徽省
南区,台南市,台湾省
南区,台中市,台湾省
南区,香港特别行政区,香港特别行政区
南沙区,广州市,广东省
南山区,深圳市,广东省
南山区,鹤岗市,黑龙江省
南市区,保定市,河北省
南投市,南投县,台湾省
南屯区,台中市,台湾省
南溪区,宜宾市,四川省
南县,益阳市,湖南省
南雄市,韶关市,广东省
南岳区,衡阳市,湖南省
南漳县,襄阳市,湖北省
南长区,无锡市,江苏省
南召县,南阳市,河南省
南郑县,汉中市,陕西省
南州乡,屏东县,台湾省
南庄乡,苗栗县,台湾省
楠西区,台南市,台湾省
楠梓区,高雄市,台湾省
囊谦县,玉树藏族自治州,青海省
讷河市,齐齐哈尔市,黑龙江省
内湖区,台北市,台湾省
内黄县,安阳市,河南省
内门区,高雄市,台湾省
内埔乡,屏东县,台湾省
内丘县,邢台市,河北省
内乡县,南阳市,河南省
嫩江县,黑河市,黑龙江省
尼玛县,那曲地区,西藏自治区
尼木县,拉萨市,西藏自治区
碾子山区,齐齐哈尔市,黑龙江省
鸟松区,高雄市,台湾省
聂拉木县,日喀则地区,西藏自治区
聂荣县,那曲地区,西藏自治区
宁安市,牡丹江市,黑龙江省
宁城县,赤峰市,内蒙古自治区
宁都县,赣州市,江西省
宁国市,宣城市,安徽省
宁河县,,天津市
宁化县,三明市,福建省
宁江区,松原市,吉林省
宁津县,德州市,山东省
宁晋县,邢台市,河北省
宁陵县,商丘市,河南省
宁明县,崇左市,广西壮族自治区
宁南县,凉山彝族自治州,四川省
宁强县,汉中市,陕西省
宁陕县,安康市,陕西省
宁武县,忻州市,山西省
宁县,庆阳市,甘肃省
宁乡县,长沙市,湖南省
宁阳县,泰安市,山东省
宁远县,永州市,湖南省
农安县,长春市,吉林省
暖暖区,基隆市,台湾省
潘集区,淮南市,安徽省
盘山县,盘锦市,辽宁省
盘县,六盘水市,贵州省
磐石市,吉林市,吉林省
沛县,徐州市,江苏省
彭山县,眉山市,四川省
彭阳县,固原市,宁夏回族自治区
彭泽县,九江市,江西省
彭州市,成都市,四川省
蓬安县,南充市,四川省
蓬江区,江门市,广东省
蓬莱市,烟台市,山东省
蓬溪县,遂宁市,四川省
邳州市,徐州市,江苏省
郫县,成都市,四川省
埤头乡,彰化县,台湾省
偏关县,忻州市,山西省
平安县,海东地区,青海省
平坝县,安顺市,贵州省
平昌县,巴中市,四川省
平川区,白银市,甘肃省
平定县,阳泉市,山西省
平度市,青岛市,山东省
平房区,哈尔滨市,黑龙江省
平谷区,北京市,北京市
平果县,百色市,广西壮族自治区
平和县,漳州市,福建省
平江县,岳阳市,湖南省
平乐县,桂林市,广西壮族自治区
平利县,安康市,陕西省
平鲁区,朔州市,山西省
平陆县,运城市,山西省
平罗县,石嘴山市,宁夏回族自治区
平南县,贵港市,广西壮族自治区
平桥区,信阳市,河南省
平泉县,承德市,河北省
平山区,本溪市,辽宁省
平山县,石家庄市,河北省
平顺县,长治市,山西省
平潭县,福州市,福建省
平塘县,黔南布依族苗族自治州,贵州省
平武县,绵阳市,四川省
平溪区,新北市,台湾省
平乡县,邢台市,河北省
平遥县,晋中市,山西省
平邑县,临沂市,山东省
平阴县,济南市,山东省
平舆县,驻马店市,河南省
平原县,德州市,山东省
平远县,梅州市,广东省
平镇市,桃园市,台湾省
坪林区,新北市,台湾省
凭祥市,崇左市,广西壮族自治区
屏东市,屏东县,台湾省
屏南县,宁德市,福建省
屏山县,宜宾市,四川省
坡头区,湛江市,广东省
鄱阳县,上饶市,江西省
蒲城县,渭南市,陕西省
蒲江县,成都市,四川省
蒲县,临汾市,山西省
濮阳县,濮阳市,河南省
朴子市,嘉义县,台湾省
埔里镇,南投县,台湾省
埔心乡,彰化县,台湾省
埔盐乡,彰化县,台湾省
浦北县,钦州市,广西壮族自治区
浦城县,南平市,福建省
浦东新区,,上海市
浦口区,南京市,江苏省
普安县,黔西南布依族苗族自治州,贵州省
普定县,安顺市,贵州省
普格县,凉山彝族自治州,四川省
普兰店市,大连市,辽宁省
普兰县,阿里地区,西藏自治区
普宁市,揭阳市,广东省
普陀区,,上海市
七堵区,基隆市,台湾省
七股区,台南市,台湾省
七里河区,兰州市,甘肃省
七美乡,澎湖县,台湾省
七星关区,毕节市,贵州省
七星区,桂林市,广西壮族自治区
栖霞区,南京市,江苏省
栖霞市,烟台市,山东省
戚墅堰区,常州市,江苏省
齐河县,德州市,山东省
祁东县,衡阳市,湖南省
祁连县,海北藏族自治州,青海省
祁门县,黄山市,安徽省
祁县,晋中市,山西省
祁阳县,永州市,湖南省
岐山县,宝鸡市,陕西省
淇滨区,鹤壁市,河南省
淇县,鹤壁市,河南省
旗津区,高雄市,台湾省
旗山区,高雄市,台湾省
蕲春县,黄冈市,湖北省
杞县,开封市,河南省
启东市,南通市,江苏省
千山区,鞍山市,辽宁省
千阳县,宝鸡市,陕西省
迁安市,唐山市,河北省
迁西县,唐山市,河北省
铅山县,上饶市,江西省
前锋区,广安市,四川省
前郭尔罗斯蒙古族自治县,松原市,吉林省
前金区,高雄市,台湾省
前进区,佳木斯市,黑龙江省
前镇区,高雄市,台湾省
乾安县,松原市,吉林省
乾县,咸阳市,陕西省
潜江市,,湖北省
潜山县,安庆市,安徽省
黔西县,毕节市,贵州省
桥东区,石家庄市,河北省
桥东区,邢台市,河北省
桥东区,张家口市,河北省
桥头区,高雄市,台湾省
桥西区,石家庄市,河北省
桥西区,张家口市,河北省
桥西区,邢台市,河北省
~口区,武汉市,湖北省
谯城区,亳州市,安徽省
茄b区,高雄市,台湾省
茄子河区,七台河市,黑龙江省
钦北区,钦州市,广西壮族自治区
钦南区,钦州市,广西壮族自治区
秦安县,天水市,甘肃省
秦都区,咸阳市,陕西省
秦淮区,南京市,江苏省
秦州区,天水市,甘肃省
沁水县,晋城市,山西省
沁县,长治市,山西省
沁阳市,焦作市,河南省
沁源县,长治市,山西省
青白江区,成都市,四川省
青川县,广元市,四川省
青冈县,绥化市,黑龙江省
青龙满族自治县,秦皇岛市,河北省
青浦区,,上海市
青山湖区,南昌市,江西省
青山区,武汉市,湖北省
青山区,包头市,内蒙古自治区
青神县,眉山市,四川省
青铜峡市,吴忠市,宁夏回族自治区
青县,沧州市,河北省
青秀区,南宁市,广西壮族自治区
青羊区,成都市,四川省
青阳县,池州市,安徽省
青原区,吉安市,江西省
青云谱区,南昌市,江西省
青州市,潍坊市,山东省
清城区,清远市,广东省
清丰县,濮阳市,河南省
清河门区,阜新市,辽宁省
清河区,淮安市,江苏省
清河区,铁岭市,辽宁省
清河县,邢台市,河北省
清涧县,榆林市,陕西省
清流县,三明市,福建省
清浦区,淮安市,江苏省
清水河县,呼和浩特市,内蒙古自治区
清水区,台中市,台湾省
清水县,天水市,甘肃省
清新区,清远市,广东省
清徐县,太原市,山西省
清原满族自治县,抚顺市,辽宁省
清苑县,保定市,河北省
清镇市,贵阳市,贵州省
晴隆县,黔西南布依族苗族自治州,贵州省
庆安县,绥化市,黑龙江省
庆城县,庆阳市,甘肃省
庆云县,德州市,山东省
邛崃市,成都市,四川省
琼海市,,海南省
琼结县,山南地区,西藏自治区
琼山区,海口市,海南省
琼中黎族苗族自治县,,海南省
邱县,邯郸市,河北省
渠县,达州市,四川省
曲阜市,济宁市,山东省
曲江区,韶关市,广东省
曲麻莱县,玉树藏族自治州,青海省
曲水县,拉萨市,西藏自治区
曲松县,山南地区,西藏自治区
曲沃县,临汾市,山西省
曲阳县,保定市,河北省
曲周县,邯郸市,河北省
全椒县,滁州市,安徽省
全南县,赣州市,江西省
全州县,桂林市,广西壮族自治区
荃湾区,香港特别行政区,香港特别行政区
泉港区,泉州市,福建省
泉山区,徐州市,江苏省
确山县,驻马店市,河南省
壤塘县,阿坝藏族羌族自治州,四川省
让胡路区,大庆市,黑龙江省
饶河县,双鸭山市,黑龙江省
饶平县,潮州市,广东省
饶阳县,衡水市,河北省
仁爱区,基隆市,台湾省
仁爱乡,南投县,台湾省
仁布县,日喀则地区,西藏自治区
仁德区,台南市,台湾省
仁和区,攀枝花市,四川省
仁化县,韶关市,广东省
仁怀市,遵义市,贵州省
仁寿县,眉山市,四川省
仁武区,高雄市,台湾省
任城区,济宁市,山东省
任丘市,沧州市,河北省
任县,邢台市,河北省
日喀则市,日喀则地区,西藏自治区
日土县,阿里地区,西藏自治区
荣成市,威海市,山东省
荣县,自贡市,四川省
容城县,保定市,河北省
容县,玉林市,广西壮族自治区
榕城区,揭阳市,广东省
榕江县,黔东南苗族侗族自治州,贵州省
融安县,柳州市,广西壮族自治区
融水苗族自治县,柳州市,广西壮族自治区
如东县,南通市,江苏省
如皋市,南通市,江苏省
汝城县,郴州市,湖南省
汝南县,驻马店市,河南省
汝阳县,洛阳市,河南省
汝州市,平顶山市,河南省
乳山市,威海市,山东省
乳源瑶族自治县,韶关市,广东省
芮城县,运城市,山西省
瑞昌市,九江市,江西省
瑞芳区,新北市,台湾省
瑞金市,赣州市,江西省
瑞穗乡,花莲县,台湾省
润州区,镇江市,江苏省
若尔盖县,阿坝藏族羌族自治州,四川省
萨尔图区,大庆市,黑龙江省
萨嘎县,日喀则地区,西藏自治区
萨迦县,日喀则地区,西藏自治区
赛罕区,呼和浩特市,内蒙古自治区
三地门乡,屏东县,台湾省
三都水族自治县,黔南布依族苗族自治州,贵州省
三河市,廊坊市,河北省
三江侗族自治县,柳州市,广西壮族自治区
三民区,高雄市,台湾省
三山区,芜湖市,安徽省
三水区,佛山市,广东省
三穗县,黔东南苗族侗族自治州,贵州省
三台县,绵阳市,四川省
三湾乡,苗栗县,台湾省
三峡区,新北市,台湾省
三星乡,宜兰县,台湾省
三义乡,苗栗县,台湾省
三元区,三明市,福建省
三原县,咸阳市,陕西省
三芝区,新北市,台湾省
三重区,新北市,台湾省
桑日县,山南地区,西藏自治区
桑植县,张家界市,湖南省
桑珠孜区,日喀则市,西藏自治区
色达县,甘孜藏族自治州,四川省
沙河口区,大连市,辽宁省
沙河市,邢台市,河北省
沙鹿区,台中市,台湾省
沙坡头区,中卫市,宁夏回族自治区
沙市区,荆州市,湖北省
沙田区,香港特别行政区,香港特别行政区
沙湾区,乐山市,四川省
沙县,三明市,福建省
沙洋县,荆门市,湖北省
山城区,鹤壁市,河南省
山丹县,张掖市,甘肃省
山海关区,秦皇岛市,河北省
山上区,台南市,台湾省
山亭区,枣庄市,山东省
山阳区,焦作市,河南省
山阳县,商洛市,陕西省
山阴县,朔州市,山西省
杉林区,高雄市,台湾省
陕县,三门峡市,河南省
善化区,台南市,台湾省
商城县,信阳市,河南省
商都县,乌兰察布市,内蒙古自治区
商河县,济南市,山东省
商南县,商洛市,陕西省
商水县,周口市,河南省
商州区,商洛市,陕西省
上蔡县,驻马店市,河南省
上甘岭区,伊春市,黑龙江省
上高县,宜春市,江西省
上杭县,龙岩市,福建省
上街区,郑州市,河南省
上栗县,萍乡市,江西省
上林县,南宁市,广西壮族自治区
上饶县,上饶市,江西省
上思县,防城港市,广西壮族自治区
上犹县,赣州市,江西省
尚义县,张家口市,河北省
尚志市,哈尔滨市,黑龙江省
韶山市,湘潭市,湖南省
邵东县,邵阳市,湖南省
邵武市,南平市,福建省
邵阳县,邵阳市,湖南省
社旗县,南阳市,河南省
社头乡,彰化县,台湾省
射洪县,遂宁市,四川省
射阳县,盐城市,江苏省
涉县,邯郸市,河北省
申扎县,那曲地区,西藏自治区
伸港乡,彰化县,台湾省
莘县,聊城市,山东省
深坑区,新北市,台湾省
深水肚,香港特别行政区,香港特别行政区
深泽县,石家庄市,河北省
深州市,衡水市,河北省
什邡市,德阳市,四川省
神池县,忻州市,山西省
神冈区,台中市,台湾省
神木县,榆林市,陕西省
神农架林区,,湖北省
沈北新区,沈阳市,辽宁省
沈河区,沈阳市,辽宁省
沈丘县,周口市,河南省
圣方济各堂区,澳门特别行政区,澳门特别行政区
狮潭乡,苗栗县,台湾省
狮子山区,铜陵市,安徽省
狮子乡,屏东县,台湾省
施秉县,黔东南苗族侗族自治州,贵州省
负忧,信阳市,河南省
石城县,赣州市,江西省
石碇区,新北市,台湾省
石峰区,株洲市,湖南省
石冈区,台中市,台湾省
石鼓区,衡阳市,湖南省
石拐区,包头市,内蒙古自治区
石景山区,北京市,北京市
石龙区,平顶山市,河南省
石楼县,吕梁市,山西省
石门区,新北市,台湾省
石门县,常德市,湖南省
石棉县,雅安市,四川省
石阡县,铜仁市,贵州省
石渠县,甘孜藏族自治州,四川省
石泉县,安康市,陕西省
石狮市,泉州市,福建省
石首市,荆州市,湖北省
石台县,池州市,安徽省
始兴县,韶关市,广东省
士林区,台北市,台湾省
市北区,青岛市,山东省
市南区,青岛市,山东省
市辖区,三亚市,海南省
市中区,济南市,山东省
市中区,济宁市,山东省
市中区,枣庄市,山东省
市中区,内江市,四川省
市中区,乐山市,四川省
寿丰乡,花莲县,台湾省
寿光市,潍坊市,山东省
寿宁县,宁德市,福建省
寿县,六安市,安徽省
寿阳县,晋中市,山西省
舒城县,六安市,安徽省
舒兰市,吉林市,吉林省
蜀山区,合肥市,安徽省
沭阳县,宿迁市,江苏省
树林区,新北市,台湾省
双城市,哈尔滨市,黑龙江省
双峰县,娄底市,湖南省
双湖县,那曲地区,西藏自治区
双辽市,四平市,吉林省
双流县,成都市,四川省
双滦区,承德市,河北省
双牌县,永州市,湖南省
双桥区,承德市,河北省
双清区,邵阳市,湖南省
双塔区,朝阳市,辽宁省
双台子区,盘锦市,辽宁省
双溪区,新北市,台湾省
双阳区,长春市,吉林省
水城县,六盘水市,贵州省
水里乡,南投县,台湾省
水林乡,云林县,台湾省
水上乡,嘉义县,台湾省
顺昌县,南平市,福建省
顺城区,抚顺市,辽宁省
顺德区,佛山市,广东省
顺河回族区,开封市,河南省
顺平县,保定市,河北省
顺庆区,南充市,四川省
顺义区,北京市,北京市
朔城区,朔州市,山西省
思明区,厦门市,福建省
思南县,铜仁市,贵州省
四方台区,双鸭山市,黑龙江省
四湖乡,云林县,台湾省
四会市,肇庆市,广东省
四子王旗,乌兰察布市,内蒙古自治区
泗洪县,宿迁市,江苏省
泗水县,济宁市,山东省
泗县,宿州市,安徽省
泗阳县,宿迁市,江苏省
松北区,哈尔滨市,黑龙江省
松江区,,上海市
松潘县,阿坝藏族羌族自治州,四川省
松山区,赤峰市,内蒙古自治区
松山区,台北市,台湾省
松桃苗族自治县,铜仁市,贵州省
松溪县,南平市,福建省
松滋市,荆州市,湖北省
嵩县,洛阳市,河南省
苏澳镇,宜兰县,台湾省
苏家屯区,沈阳市,辽宁省
苏尼特右旗,锡林郭勒盟,内蒙古自治区
苏尼特左旗,锡林郭勒盟,内蒙古自治区
苏仙区,郴州市,湖南省
肃北蒙古族自治县,酒泉市,甘肃省
肃南裕固族自治县,张掖市,甘肃省
肃宁县,沧州市,河北省
肃州区,酒泉市,甘肃省
睢宁县,徐州市,江苏省
睢县,商丘市,河南省
睢阳区,商丘市,河南省
濉溪县,淮北市,安徽省
绥滨县,鹤岗市,黑龙江省
绥德县,榆林市,陕西省
绥芬河市,牡丹江市,黑龙江省
绥棱县,绥化市,黑龙江省
绥宁县,邵阳市,湖南省
绥阳县,遵义市,贵州省
绥中县,葫芦岛市,辽宁省
随县,随州市,湖北省
遂川县,吉安市,江西省
遂平县,驻马店市,河南省
遂溪县,湛江市,广东省
孙吴县,黑河市,黑龙江省
索县,那曲地区,西藏自治区
塔河县,大兴安岭地区,黑龙江省
台安县,鞍山市,辽宁省
台东市,台东县,台湾省
台儿庄区,枣庄市,山东省
台江区,福州市,福建省
台江县,黔东南苗族侗族自治州,贵州省
台前县,濮阳市,河南省
台山市,江门市,广东省
台西乡,云林县,台湾省
太白县,宝鸡市,陕西省
太保市,嘉义县,台湾省
太仓市,苏州市,江苏省
太谷县,晋中市,山西省
太和区,锦州市,辽宁省
太和县,阜阳市,安徽省
太湖县,安庆市,安徽省
太康县,周口市,河南省
太麻里乡,台东县,台湾省
太平区,阜新市,辽宁省
太平区,台中市,台湾省
太仆寺旗,锡林郭勒盟,内蒙古自治区
太子河区,辽阳市,辽宁省
泰安乡,苗栗县,台湾省
泰和县,吉安市,江西省
泰来县,齐齐哈尔市,黑龙江省
泰宁县,三明市,福建省
泰山区,泰安市,山东省
泰山区,新北市,台湾省
泰武乡,屏东县,台湾省
泰兴市,泰州市,江苏省
郯城县,临沂市,山东省
覃塘区,贵港市,广西壮族自治区
潭子区,台中市,台湾省
汤旺河区,伊春市,黑龙江省
汤阴县,安阳市,河南省
汤原县,佳木斯市,黑龙江省
唐河县,南阳市,河南省
唐县,保定市,河北省
洮北区,白城市,吉林省
洮南市,白城市,吉林省
桃城区,衡水市,河北省
桃江县,益阳市,湖南省
桃山区,七台河市,黑龙江省
桃园区,桃园市,台湾省
桃源区,高雄市,台湾省
桃源县,常德市,湖南省
滕州市,枣庄市,山东省
藤县,梧州市,广西壮族自治区
天等县,崇左市,广西壮族自治区
天峨县,河池市,广西壮族自治区
天河区,广州市,广东省
天峻县,海西蒙古族藏族自治州,青海省
天门市,,湖北省
天宁区,常州市,江苏省
天桥区,济南市,山东省
天全县,雅安市,四川省
天心区,长沙市,湖南省
天涯区,三亚市,海南省
天元区,株洲市,湖南省
天长市,滁州市,安徽省
天镇县,大同市,山西省
天柱县,黔东南苗族侗族自治州,贵州省
天祝藏族自治县,武威市,甘肃省
田东县,百色市,广西壮族自治区
田家庵区,淮南市,安徽省
田寮区,高雄市,台湾省
田林县,百色市,广西壮族自治区
田尾乡,彰化县,台湾省
田阳县,百色市,广西壮族自治区
田中镇,彰化县,台湾省
调兵山市,铁岭市,辽宁省
铁东区,四平市,吉林省
铁东区,鞍山市,辽宁省
铁锋区,齐齐哈尔市,黑龙江省
铁力市,伊春市,黑龙江省
铁岭县,铁岭市,辽宁省
铁山港区,北海市,广西壮族自治区
铁山区,黄石市,湖北省
铁西区,四平市,吉林省
铁西区,鞍山市,辽宁省
铁西区,沈阳市,辽宁省
亭湖区,盐城市,江苏省
通城县,咸宁市,湖北省
通川区,达州市,四川省
通道侗族自治县,怀化市,湖南省
通河县,哈尔滨市,黑龙江省
通化县,通化市,吉林省
通江县,巴中市,四川省
通山县,咸宁市,湖北省
通渭县,定西市,甘肃省
通霄镇,苗栗县,台湾省
通许县,开封市,河南省
通榆县,白城市,吉林省
通州区,北京市,北京市
通州区,南通市,江苏省
同安区,厦门市,福建省
同德县,海南藏族自治州,青海省
同江市,佳木斯市,黑龙江省
同仁县,黄南藏族自治州,青海省
同心县,吴忠市,宁夏回族自治区
桐柏县,南阳市,河南省
桐城市,安庆市,安徽省
桐梓县,遵义市,贵州省
铜鼓县,宜春市,江西省
铜官山区,铜陵市,安徽省
铜陵县,铜陵市,安徽省
铜锣乡,苗栗县,台湾省
铜山区,徐州市,江苏省
潼关县,渭南市,陕西省
头城镇,宜兰县,台湾省
头份镇,苗栗县,台湾省
头屋乡,苗栗县,台湾省
突泉县,兴安盟,内蒙古自治区
图们市,延边朝鲜族自治州,吉林省
土城区,新北市,台湾省
土库镇,云林县,台湾省
土默特右旗,包头市,内蒙古自治区
土默特左旗,呼和浩特市,内蒙古自治区
团风县,黄冈市,湖北省
屯昌县,,海南省
屯留县,长治市,山西省
屯门区,香港特别行政区,香港特别行政区
屯溪区,黄山市,安徽省
托克托县,呼和浩特市,内蒙古自治区
瓦房店市,大连市,辽宁省
外埔区,台中市,台湾省
湾里区,南昌市,江西省
湾仔区,香港特别行政区,香港特别行政区
宛城区,南阳市,河南省
万安县,吉安市,江西省
万柏林区,太原市,山西省
万丹乡,屏东县,台湾省
万华区,台北市,台湾省
万里区,新北市,台湾省
万峦乡,屏东县,台湾省
万年县,上饶市,江西省
万宁市,,海南省
万全县,张家口市,河北省
万荣县,运城市,山西省
万荣乡,花莲县,台湾省
万山区,铜仁市,贵州省
万秀区,梧州市,广西壮族自治区
万源市,达州市,四川省
万载县,宜春市,江西省
汪清县,延边朝鲜族自治州,吉林省
王益区,铜川市,陕西省
旺苍县,广元市,四川省
望安乡,澎湖县,台湾省
望城区,长沙市,湖南省
望德堂区,澳门特别行政区,澳门特别行政区
望都县,保定市,河北省
望花区,抚顺市,辽宁省
望江县,安庆市,安徽省
望奎县,绥化市,黑龙江省
望谟县,黔西南布依族苗族自治州,贵州省
威宁彝族回族苗族自治县,毕节市,贵州省
威县,邢台市,河北省
威远县,内江市,四川省
微山县,济宁市,山东省
围场满族蒙古族自治县,承德市,河北省
潍城区,潍坊市,山东省
卫滨区,新乡市,河南省
卫东区,平顶山市,河南省
卫辉市,新乡市,河南省
未央区,西安市,陕西省
尉氏县,开封市,河南省
渭滨区,宝鸡市,陕西省
渭城区,咸阳市,陕西省
渭源县,定西市,甘肃省
蔚县,张家口市,河北省
魏都区,许昌市,河南省
魏县,邯郸市,河北省
温江区,成都市,四川省
温县,焦作市,河南省
文安县,廊坊市,河北省
文昌市,,海南省
文登市,威海市,山东省
文峰区,安阳市,河南省
文山区,台北市,台湾省
文圣区,辽阳市,辽宁省
文水县,吕梁市,山西省
文县,陇南市,甘肃省
闻喜县,运城市,山西省
汶川县,阿坝藏族羌族自治州,四川省
汶上县,济宁市,山东省
翁牛特旗,赤峰市,内蒙古自治区
翁源县,韶关市,广东省
瓮安县,黔南布依族苗族自治州,贵州省
涡阳县,亳州市,安徽省
卧龙区,南阳市,河南省
乌达区,乌海市,内蒙古自治区
乌当区,贵阳市,贵州省
乌拉特后旗,巴彦淖尔市,内蒙古自治区
乌拉特前旗,巴彦淖尔市,内蒙古自治区
乌拉特中旗,巴彦淖尔市,内蒙古自治区
乌来区,新北市,台湾省
乌兰浩特市,兴安盟,内蒙古自治区
乌兰县,海西蒙古族藏族自治州,青海省
乌马河区,伊春市,黑龙江省
乌日区,台中市,台湾省
乌审旗,鄂尔多斯市,内蒙古自治区
乌伊岭区,伊春市,黑龙江省
无棣县,滨州市,山东省
无极县,石家庄市,河北省
无为县,芜湖市,安徽省
芜湖县,芜湖市,安徽省
吴堡县,榆林市,陕西省
吴川市,湛江市,广东省
吴江区,苏州市,江苏省
吴起县,延安市,陕西省
吴桥县,沧州市,河北省
吴中区,苏州市,江苏省
梧栖区,台中市,台湾省
五常市,哈尔滨市,黑龙江省
五大连池市,黑河市,黑龙江省
五峰土家族自治县,宜昌市,湖北省
五峰乡,新竹县,台湾省
五股区,新北市,台湾省
五河县,蚌埠市,安徽省
五华县,梅州市,广东省
五结乡,宜兰县,台湾省
五莲县,日照市,山东省
五台县,忻州市,山西省
五通桥区,乐山市,四川省
五营区,伊春市,黑龙江省
五原县,巴彦淖尔市,内蒙古自治区
五寨县,忻州市,山西省
五指山市,,海南省
伍家岗区,宜昌市,湖北省
武安市,邯郸市,河北省
武昌区,武汉市,湖北省
武城县,德州市,山东省
武川县,呼和浩特市,内蒙古自治区
武都区,陇南市,甘肃省
武冈市,邵阳市,湖南省
武功县,咸阳市,陕西省
武侯区,成都市,四川省
武江区,韶关市,广东省
武进区,常州市,江苏省
武陵区,常德市,湖南省
武陵源区,张家界市,湖南省
武鸣县,南宁市,广西壮族自治区
武宁县,九江市,江西省
武平县,龙岩市,福建省
武强县,衡水市,河北省
武清区,,天津市
武山县,天水市,甘肃省
武胜县,广安市,四川省
武乡县,长治市,山西省
武宣县,来宾市,广西壮族自治区
武穴市,黄冈市,湖北省
武夷山市,南平市,福建省
武邑县,衡水市,河北省
武陟县,焦作市,河南省
舞钢市,平顶山市,河南省
舞阳县,漯河市,河南省
务川仡佬族苗族自治县,遵义市,贵州省
婺源县,上饶市,江西省
雾峰区,台中市,台湾省
雾台乡,屏东县,台湾省
西安区,牡丹江市,黑龙江省
西安区,辽源市,吉林省
西昌市,凉山彝族自治州,四川省
西城区,北京市,北京市
西充县,南充市,四川省
西丰县,铁岭市,辽宁省
西峰区,庆阳市,甘肃省
西岗区,大连市,辽宁省
西港区,台南市,台湾省
西工区,洛阳市,河南省
西贡区,香港特别行政区,香港特别行政区
西固区,兰州市,甘肃省
西和县,陇南市,甘肃省
西湖区,南昌市,江西省
西湖乡,苗栗县,台湾省
西华县,周口市,河南省
西吉县,固原市,宁夏回族自治区
西林区,伊春市,黑龙江省
西林县,百色市,广西壮族自治区
西陵区,宜昌市,湖北省
西螺镇,云林县,台湾省
西平县,驻马店市,河南省
西青区,,天津市
西区,攀枝花市,四川省
西区,台中市,台湾省
西区,嘉义市,台湾省
西塞山区,黄石市,湖北省
西市区,营口市,辽宁省
西屯区,台中市,台湾省
西乌珠穆沁旗,锡林郭勒盟,内蒙古自治区
西峡县,南阳市,河南省
西夏区,银川市,宁夏回族自治区
西乡塘区,南宁市,广西壮族自治区
西乡县,汉中市,陕西省
西秀区,安顺市,贵州省
西屿乡,澎湖县,台湾省
汐止区,新北市,台湾省
昔阳县,晋中市,山西省
息烽县,贵阳市,贵州省
息县,信阳市,河南省
浠水县,黄冈市,湖北省
淅川县,南阳市,河南省
锡林浩特市,锡林郭勒盟,内蒙古自治区
锡山区,无锡市,江苏省
溪湖区,本溪市,辽宁省
溪湖镇,彰化县,台湾省
溪口乡,嘉义县,台湾省
溪州乡,彰化县,台湾省
歙县,黄山市,安徽省
习水县,遵义市,贵州省
隰县,临汾市,山西省
喜德县,凉山彝族自治州,四川省
细河区,阜新市,辽宁省
峡江县,吉安市,江西省
霞浦县,宁德市,福建省
霞山区,湛江市,广东省
下花园区,张家口市,河北省
下陆区,黄石市,湖北省
下营区,台南市,台湾省
夏河县,甘南藏族自治州,甘肃省
夏津县,德州市,山东省
夏县,运城市,山西省
夏邑县,商丘市,河南省
仙桃市,,湖北省
仙游县,莆田市,福建省
咸安区,咸宁市,湖北省
咸丰县,恩施土家族苗族自治州,湖北省
线西乡,彰化县,台湾省
献县,沧州市,河北省
乡城县,甘孜藏族自治州,四川省
乡宁县,临汾市,山西省
芗城区,漳州市,福建省
相城区,苏州市,江苏省
相山区,淮北市,安徽省
香坊区,哈尔滨市,黑龙江省
香河县,廊坊市,河北省
香山区,新竹市,台湾省
香洲区,珠海市,广东省
湘东区,萍乡市,江西省
湘桥区,潮州市,广东省
湘潭县,湘潭市,湖南省
湘乡市,湘潭市,湖南省
湘阴县,岳阳市,湖南省
襄城区,襄阳市,湖北省
襄城县,许昌市,河南省
襄汾县,临汾市,山西省
襄垣县,长治市,山西省
襄州区,襄阳市,湖北省
镶黄旗,锡林郭勒盟,内蒙古自治区
祥符区,开封市,河南省
翔安区,厦门市,福建省
响水县,盐城市,江苏省
向阳区,鹤岗市,黑龙江省
向阳区,佳木斯市,黑龙江省
项城市,周口市,河南省
象山区,桂林市,广西壮族自治区
象州县,来宾市,广西壮族自治区
萧县,宿州市,安徽省
V亭区,宜昌市,湖北省
小店区,太原市,山西省
小港区,高雄市,台湾省
小金县,阿坝藏族羌族自治州,四川省
孝昌县,孝感市,湖北省
孝南区,孝感市,湖北省
孝义市,吕梁市,山西省
谢家集区,淮南市,安徽省
谢通门县,日喀则地区,西藏自治区
辛集市,石家庄市,河北省
忻城县,来宾市,广西壮族自治区
忻府区,忻州市,山西省
新安县,洛阳市,河南省
新巴尔虎右旗,呼伦贝尔市,内蒙古自治区
新巴尔虎左旗,呼伦贝尔市,内蒙古自治区
新北区,常州市,江苏省
新宾满族自治县,抚顺市,辽宁省
新蔡县,驻马店市,河南省
新城区,呼和浩特市,内蒙古自治区
新城区,西安市,陕西省
新城乡,花莲县,台湾省
新店区,新北市,台湾省
新都区,成都市,四川省
新丰县,韶关市,广东省
新丰乡,新竹县,台湾省
新抚区,抚顺市,辽宁省
新干县,吉安市,江西省
新港乡,嘉义县,台湾省
新河县,邢台市,河北省
新华区,沧州市,河北省
新华区,石家庄市,河北省
新华区,平顶山市,河南省
新化区,台南市,台湾省
新化县,娄底市,湖南省
新晃侗族自治县,怀化市,湖南省
新会区,江门市,广东省
新建县,南昌市,江西省
新绛县,运城市,山西省
新津县,成都市,四川省
新乐市,石家庄市,河北省
新龙县,甘孜藏族自治州,四川省
新罗区,龙岩市,福建省
新密市,郑州市,河南省
新民市,沈阳市,辽宁省
新宁县,邵阳市,湖南省
新埤乡,屏东县,台湾省
新埔镇,新竹县,台湾省
新浦区,连云港市,江苏省
新青区,伊春市,黑龙江省
新邱区,阜新市,辽宁省
新荣区,大同市,山西省
新邵县,邵阳市,湖南省
新社区,台中市,台湾省
新市区,保定市,河北省
新市区,台南市,台湾省
新泰市,泰安市,山东省
新田县,永州市,湖南省
新屋乡,桃园市,台湾省
新吴区,无锡市,江苏省
新县,信阳市,河南省
新乡县,新乡市,河南省
新兴区,七台河市,黑龙江省
新兴区,高雄市,台湾省
新兴县,云浮市,广东省
新野县,南阳市,河南省
新沂市,徐州市,江苏省
新营区,台南市,台湾省
新园乡,屏东县,台湾省
新郑市,郑州市,河南省
新洲区,武汉市,湖北省
新庄区,新北市,台湾省
信丰县,赣州市,江西省
信宜市,茂名市,广东省
信义区,基隆市,台湾省
信义区,台北市,台湾省
信义乡,南投县,台湾省
信州区,上饶市,江西省
星子县,九江市,江西省
邢台县,邢台市,河北省
兴安区,鹤岗市,黑龙江省
兴安县,桂林市,广西壮族自治区
兴宾区,来宾市,广西壮族自治区
兴城市,葫芦岛市,辽宁省
兴国县,赣州市,江西省
兴海县,海南藏族自治州,青海省
兴和县,乌兰察布市,内蒙古自治区
兴化市,泰州市,江苏省
兴隆台区,盘锦市,辽宁省
兴隆县,承德市,河北省
兴宁区,南宁市,广西壮族自治区
兴宁市,梅州市,广东省
兴平市,咸阳市,陕西省
兴庆区,银川市,宁夏回族自治区
兴仁县,黔西南布依族苗族自治州,贵州省
兴山区,鹤岗市,黑龙江省
兴山县,宜昌市,湖北省
兴文县,宜宾市,四川省
兴县,吕梁市,山西省
兴业县,玉林市,广西壮族自治区
兴义市,黔西南布依族苗族自治州,贵州省
杏花岭区,太原市,山西省
芎林乡,新竹县,台湾省
雄县,保定市,河北省
休宁县,黄山市,安徽省
修水县,九江市,江西省
修文县,贵阳市,贵州省
修武县,焦作市,河南省
宿城区,宿迁市,江苏省
宿松县,安庆市,安徽省
宿豫区,宿迁市,江苏省
秀峰区,桂林市,广西壮族自治区
秀林乡,花莲县,台湾省
秀水乡,彰化县,台湾省
秀英区,海口市,海南省
秀屿区,莆田市,福建省
岫岩满族自治县,鞍山市,辽宁省
盱眙县,淮安市,江苏省
徐汇区,,上海市
徐水县,保定市,河北省
徐闻县,湛江市,广东省
许昌县,许昌市,河南省
叙永县,泸州市,四川省
溆浦县,怀化市,湖南省
宣恩县,恩施土家族苗族自治州,湖北省
宣汉县,达州市,四川省
宣化区,张家口市,河北省
宣化县,张家口市,河北省
宣州区,宣城市,安徽省
玄武区,南京市,江苏省
薛城区,枣庄市,山东省
学甲区,台南市,台湾省
旬阳县,安康市,陕西省
旬邑县,咸阳市,陕西省
寻乌县,赣州市,江西省
浔阳区,九江市,江西省
循化撒拉族自治县,海东地区,青海省
逊克县,黑河市,黑龙江省
牙克石市,呼伦贝尔市,内蒙古自治区
崖州区,三亚市,海南省
雅江县,甘孜藏族自治州,四川省
亚东县,日喀则地区,西藏自治区
鄢陵县,许昌市,河南省
延川县,延安市,陕西省
延吉市,延边朝鲜族自治州,吉林省
延津县,新乡市,河南省
延平区,南平市,福建省
延平乡,台东县,台湾省
延庆县,北京市,北京市
延寿县,哈尔滨市,黑龙江省
延长县,延安市,陕西省
炎陵县,株洲市,湖南省
沿河土家族自治县,铜仁市,贵州省
沿滩区,自贡市,四川省
盐边县,攀枝花市,四川省
盐埕区,高雄市,台湾省
盐池县,吴忠市,宁夏回族自治区
盐都区,盐城市,江苏省
盐湖区,运城市,山西省
盐埔乡,屏东县,台湾省
盐山县,沧州市,河北省
盐水区,台南市,台湾省
盐田区,深圳市,广东省
盐亭县,绵阳市,四川省
盐源县,凉山彝族自治州,四川省
阎良区,西安市,陕西省
兖州市,济宁市,山东省
郾城区,漯河市,河南省
偃师市,洛阳市,河南省
雁峰区,衡阳市,湖南省
雁江区,资阳市,四川省
雁山区,桂林市,广西壮族自治区
雁塔区,西安市,陕西省
燕巢区,高雄市,台湾省
扬中市,镇江市,江苏省
阳城县,晋城市,山西省
阳春市,阳江市,广东省
阳东县,阳江市,广东省
阳高县,大同市,山西省
阳谷县,聊城市,山东省
阳明区,牡丹江市,黑龙江省
阳曲县,太原市,山西省
阳山县,清远市,广东省
阳朔县,桂林市,广西壮族自治区
阳西县,阳江市,广东省
阳新县,黄石市,湖北省
阳信县,滨州市,山东省
阳原县,张家口市,河北省
杨陵区,咸阳市,陕西省
杨梅市,桃园市,台湾省
杨浦区,,上海市
洋县,汉中市,陕西省
尧都区,临汾市,山西省
瑶海区,合肥市,安徽省
耀州区,铜川市,陕西省
叶集区,六安市,安徽省
叶县,平顶山市,河南省
伊川县,洛阳市,河南省
伊春区,伊春市,黑龙江省
伊金霍洛旗,鄂尔多斯市,内蒙古自治区
伊通满族自治县,四平市,吉林省
依安县,齐齐哈尔市,黑龙江省
依兰县,哈尔滨市,黑龙江省
黟县,黄山市,安徽省
仪陇县,南充市,四川省
仪征市,扬州市,江苏省
夷陵区,宜昌市,湖北省
沂南县,临沂市,山东省
沂水县,临沂市,山东省
沂源县,淄博市,山东省
宜宾县,宜宾市,四川省
宜城市,襄阳市,湖北省
宜川县,延安市,陕西省
宜都市,宜昌市,湖北省
宜丰县,宜春市,江西省
宜黄县,抚州市,江西省
宜君县,铜川市,陕西省
宜兰市,宜兰县,台湾省
宜兴市,无锡市,江苏省
宜秀区,安庆市,安徽省
宜阳县,洛阳市,河南省
宜章县,郴州市,湖南省
宜州市,河池市,广西壮族自治区
弋江区,芜湖市,安徽省
弋阳县,上饶市,江西省
义安区,铜陵市,安徽省
义马市,三门峡市,河南省
义县,锦州市,辽宁省
义竹乡,嘉义县,台湾省
易县,保定市,河北省
峄城区,枣庄市,山东省
驿城区,驻马店市,河南省
翼城县,临汾市,山西省
殷都区,安阳市,河南省
银海区,北海市,广西壮族自治区
银州区,铁岭市,辽宁省
印江土家族苗族自治县,铜仁市,贵州省
印台区,铜川市,陕西省
英德市,清远市,广东省
英山县,黄冈市,湖北省
莺歌区,新北市,台湾省
鹰手营子矿区,承德市,河北省
迎江区,安庆市,安徽省
迎泽区,太原市,山西省
荥经县,雅安市,四川省
荥阳市,郑州市,河南省
营山县,南充市,四川省
颍东区,阜阳市,安徽省
颍泉区,阜阳市,安徽省
颍上县,阜阳市,安徽省
颍州区,阜阳市,安徽省
应城市,孝感市,湖北省
应县,朔州市,山西省
邕宁区,南宁市,广西壮族自治区
永安区,高雄市,台湾省
永安市,三明市,福建省
永昌县,金昌市,甘肃省
永城市,商丘市,河南省
永春县,泉州市,福建省
永登县,兰州市,甘肃省
永定区,张家界市,湖南省
永定县,龙岩市,福建省
永丰县,吉安市,江西省
永福县,桂林市,广西壮族自治区
永和区,新北市,台湾省
永和县,临汾市,山西省
永吉县,吉林市,吉林省
永济市,运城市,山西省
永靖县,临夏回族自治州,甘肃省
永靖乡,彰化县,台湾省
永康区,台南市,台湾省
永年县,邯郸市,河北省
永宁县,银川市,宁夏回族自治区
永清县,廊坊市,河北省
永寿县,咸阳市,陕西省
永顺县,湘西土家族苗族自治州,湖南省
永泰县,福州市,福建省
永新县,吉安市,江西省
永兴县,郴州市,湖南省
永修县,九江市,江西省
桥区,宿州市,安徽省
攸县,株洲市,湖南省
尤溪县,三明市,福建省
油尖旺区,香港特别行政区,香港特别行政区
游仙区,绵阳市,四川省
友好区,伊春市,黑龙江省
友谊县,双鸭山市,黑龙江省
右江区,百色市,广西壮族自治区
右玉县,朔州市,山西省
于都县,赣州市,江西省
于洪区,沈阳市,辽宁省
余干县,上饶市,江西省
余江县,鹰潭市,江西省
余庆县,遵义市,贵州省
盂县,阳泉市,山西省
鱼池乡,南投县,台湾省
鱼峰区,柳州市,广西壮族自治区
鱼台县,济宁市,山东省
渝水区,新余市,江西省
榆次区,晋中市,山西省
榆社县,晋中市,山西省
榆树市,长春市,吉林省
榆阳区,榆林市,陕西省
榆中县,兰州市,甘肃省
虞城县,商丘市,河南省
雨城区,雅安市,四川省
雨湖区,湘潭市,湖南省
雨花区,长沙市,湖南省
雨花台区,南京市,江苏省
雨山区,马鞍山市,安徽省
禹城市,德州市,山东省
禹会区,蚌埠市,安徽省
禹王台区,开封市,河南省
禹州市,许昌市,河南省
玉井区,台南市,台湾省
玉里镇,花莲县,台湾省
玉门市,酒泉市,甘肃省
玉屏侗族自治县,铜仁市,贵州省
玉泉区,呼和浩特市,内蒙古自治区
玉山县,上饶市,江西省
玉树县,玉树藏族自治州,青海省
玉田县,唐山市,河北省
玉州区,玉林市,广西壮族自治区
郁南县,云浮市,广东省
裕安区,六安市,安徽省
裕华区,石家庄市,河北省
元坝区,广元市,四川省
元宝区,丹东市,辽宁省
元宝山区,赤峰市,内蒙古自治区
元朗区,香港特别行政区,香港特别行政区
元氏县,石家庄市,河北省
元长乡,云林县,台湾省
员林镇,彰化县,台湾省
员山乡,宜兰县,台湾省
沅江市,益阳市,湖南省
沅陵县,怀化市,湖南省
垣曲县,运城市,山西省
袁州区,宜春市,江西省
原平市,忻州市,山西省
原阳县,新乡市,河南省
原州区,固原市,宁夏回族自治区
源城区,河源市,广东省
源汇区,漯河市,河南省
远安县,宜昌市,湖北省
苑里镇,苗栗县,台湾省
月湖区,鹰潭市,江西省
岳池县,广安市,四川省
岳麓区,长沙市,湖南省
岳塘区,湘潭市,湖南省
岳西县,安庆市,安徽省
岳阳楼区,岳阳市,湖南省
岳阳县,岳阳市,湖南省
越西县,凉山彝族自治州,四川省
越秀区,广州市,广东省
云安县,云浮市,广东省
云城区,云浮市,广东省
云龙区,徐州市,江苏省
云梦县,孝感市,湖北省
云溪区,岳阳市,湖南省
云霄县,漳州市,福建省
云岩区,贵阳市,贵州省
郧西县,十堰市,湖北省
郧县,十堰市,湖北省
郧阳区,十堰市,湖北省
运河区,沧州市,河北省
郓城县,菏泽市,山东省
杂多县,玉树藏族自治州,青海省
赞皇县,石家庄市,河北省
枣强县,衡水市,河北省
枣阳市,襄阳市,湖北省
造桥乡,苗栗县,台湾省
泽库县,黄南藏族自治州,青海省
泽州县,晋城市,山西省
增城市,广州市,广东省
扎赉诺尔区,呼伦贝尔市,内蒙古自治区
扎赉特旗,兴安盟,内蒙古自治区
扎兰屯市,呼伦贝尔市,内蒙古自治区
扎鲁特旗,通辽市,内蒙古自治区
扎囊县,山南地区,西藏自治区
札达县,阿里地区,西藏自治区
闸北区,,上海市
柞水县,商洛市,陕西省
沾化县,滨州市,山东省
站前区,营口市,辽宁省
湛河区,平顶山市,河南省
张北县,张家口市,河北省
张店区,淄博市,山东省
张家川回族自治县,天水市,甘肃省
张家港市,苏州市,江苏省
张湾区,十堰市,湖北省
章贡区,赣州市,江西省
章丘市,济南市,山东省
彰化市,彰化县,台湾省
彰武县,阜新市,辽宁省
漳平市,龙岩市,福建省
漳浦县,漳州市,福建省
漳县,定西市,甘肃省
樟树市,宜春市,江西省
长安区,石家庄市,河北省
长安区,西安市,陕西省
长白朝鲜族自治县,白山市,吉林省
长滨乡,台东县,台湾省
长岛县,烟台市,山东省
长丰县,合肥市,安徽省
长葛市,许昌市,河南省
长海县,大连市,辽宁省
长乐市,福州市,福建省
长岭县,松原市,吉林省
长宁区,,上海市
长宁县,宜宾市,四川省
长清区,济南市,山东省
长沙县,长沙市,湖南省
长顺县,黔南布依族苗族自治州,贵州省
长泰县,漳州市,福建省
长汀县,龙岩市,福建省
长武县,咸阳市,陕西省
长阳土家族自治县,宜昌市,湖北省
长垣县,新乡市,河南省
长治县,长治市,山西省
长治乡,屏东县,台湾省
长洲区,梧州市,广西壮族自治区
长子县,长治市,山西省
招远市,烟台市,山东省
昭化区,广元市,四川省
昭觉县,凉山彝族自治州,四川省
昭平县,贺州市,广西壮族自治区
召陵区,漯河市,河南省
诏安县,漳州市,福建省
赵县,石家庄市,河北省
肇东市,绥化市,黑龙江省
肇源县,大庆市,黑龙江省
肇州县,大庆市,黑龙江省
柘城县,商丘市,河南省
柘荣县,宁德市,福建省
贞丰县,黔西南布依族苗族自治州,贵州省
浈江区,韶关市,广东省
振安区,丹东市,辽宁省
振兴区,丹东市,辽宁省
镇安县,商洛市,陕西省
镇巴县,汉中市,陕西省
镇赉县,白城市,吉林省
镇宁布依族苗族自治县,安顺市,贵州省
镇平县,南阳市,河南省
镇坪县,安康市,陕西省
镇原县,庆阳市,甘肃省
镇远县,黔东南苗族侗族自治州,贵州省
蒸湘区,衡阳市,湖南省
正安县,遵义市,贵州省
正定县,石家庄市,河北省
正蓝旗,锡林郭勒盟,内蒙古自治区
正宁县,庆阳市,甘肃省
正镶白旗,锡林郭勒盟,内蒙古自治区
正阳县,驻马店市,河南省
政和县,南平市,福建省
芝罘区,烟台市,山东省
枝江市,宜昌市,湖北省
织金县,毕节市,贵州省
芷江侗族自治县,怀化市,湖南省
志丹县,延安市,陕西省
治多县,玉树藏族自治州,青海省
中方县,怀化市,湖南省
中和区,新北市,台湾省
中江县,德阳市,四川省
中坜市,桃园市,台湾省
中寮乡,南投县,台湾省
中牟县,郑州市,河南省
中宁县,中卫市,宁夏回族自治区
中埔乡,嘉义县,台湾省
中区,台中市,台湾省
中山区,大连市,辽宁省
中山区,台北市,台湾省
中山区,基隆市,台湾省
中山市市辖区,中山市,广东省
中西区,台南市,台湾省
中西区,香港特别行政区,香港特别行政区
中阳县,吕梁市,山西省
中原区,郑州市,河南省
中站区,焦作市,河南省
中正区,基隆市,台湾省
中正区,台北市,台湾省
钟楼区,常州市,江苏省
钟山区,六盘水市,贵州省
钟山县,贺州市,广西壮族自治区
钟祥市,荆门市,湖北省
仲巴县,日喀则地区,西藏自治区
舟曲县,甘南藏族自治州,甘肃省
周村区,淄博市,山东省
周宁县,宁德市,福建省
周至县,西安市,陕西省
珠晖区,衡阳市,湖南省
珠山区,景德镇市,江西省
株洲县,株洲市,湖南省
诸城市,潍坊市,山东省
竹北市,新竹县,台湾省
竹东镇,新竹县,台湾省
竹南镇,苗栗县,台湾省
竹崎乡,嘉义县,台湾省
竹山县,十堰市,湖北省
竹山镇,南投县,台湾省
竹塘乡,彰化县,台湾省
竹田乡,屏东县,台湾省
竹溪县,十堰市,湖北省
庄河市,大连市,辽宁省
庄浪县,平凉市,甘肃省
壮围乡,宜兰县,台湾省
准格尔旗,鄂尔多斯市,内蒙古自治区
涿鹿县,张家口市,河北省
涿州市,保定市,河北省
卓兰镇,苗栗县,台湾省
卓尼县,甘南藏族自治州,甘肃省
卓溪乡,花莲县,台湾省
卓资县,乌兰察布市,内蒙古自治区
资溪县,抚州市,江西省
资兴市,郴州市,湖南省
资阳区,益阳市,湖南省
资源县,桂林市,广西壮族自治区
资中县,内江市,四川省
淄川区,淄博市,山东省
子长县,延安市,陕西省
子洲县,榆林市,陕西省
秭归县,宜昌市,湖北省
梓官区,高雄市,台湾省
梓潼县,绵阳市,四川省
紫金县,河源市,广东省
紫阳县,安康市,陕西省
紫云苗族布依族自治县,安顺市,贵州省
自流井区,自贡市,四川省
邹城市,济宁市,山东省
邹平县,滨州市,山东省
遵化市,唐山市,河北省
遵义县,遵义市,贵州省
左贡县,昌都地区,西藏自治区
左权县,晋中市,山西省
左营区,高雄市,台湾省
左云县,大同市,山西省
左镇区,台南市,台湾省
阿勒泰市,阿勒泰地区,新疆维吾尔自治区
阿图什市,克孜勒苏柯尔克孜自治州,新疆维吾尔自治区
阿瓦提县,阿克苏地区,新疆维吾尔自治区
巴楚县,喀什地区,新疆维吾尔自治区
巴里坤哈萨克自治县,哈密地区,新疆维吾尔自治区
白碱滩区,克拉玛依市,新疆维吾尔自治区
拜城县,阿克苏地区,新疆维吾尔自治区
博湖县,巴音郭楞蒙古自治州,新疆维吾尔自治区
博乐市,博尔塔拉蒙古自治州,新疆维吾尔自治区
布尔津县,阿勒泰地区,新疆维吾尔自治区
策勒县,和田地区,新疆维吾尔自治区
察布查尔锡伯自治县,伊犁哈萨克自治州,新疆维吾尔自治区
昌吉市,昌吉回族自治州,新疆维吾尔自治区
达坂城区,乌鲁木齐市,新疆维吾尔自治区
独山子区,克拉玛依市,新疆维吾尔自治区
额敏县,塔城地区,新疆维吾尔自治区
福海县,阿勒泰地区,新疆维吾尔自治区
阜康市,昌吉回族自治州,新疆维吾尔自治区
富蕴县,阿勒泰地区,新疆维吾尔自治区
伽师县,喀什地区,新疆维吾尔自治区
巩留县,伊犁哈萨克自治州,新疆维吾尔自治区
哈巴河县,阿勒泰地区,新疆维吾尔自治区
哈密市,哈密地区,新疆维吾尔自治区
和布克赛尔蒙古自治县,塔城地区,新疆维吾尔自治区
和静县,巴音郭楞蒙古自治州,新疆维吾尔自治区
和硕县,巴音郭楞蒙古自治州,新疆维吾尔自治区
和田市,和田地区,新疆维吾尔自治区
和田县,和田地区,新疆维吾尔自治区
呼图壁县,昌吉回族自治州,新疆维吾尔自治区
霍城县,伊犁哈萨克自治州,新疆维吾尔自治区
吉木乃县,阿勒泰地区,新疆维吾尔自治区
吉木萨尔县,昌吉回族自治州,新疆维吾尔自治区
精河县,博尔塔拉蒙古自治州,新疆维吾尔自治区
喀什市,喀什地区,新疆维吾尔自治区
柯坪县,阿克苏地区,新疆维吾尔自治区
克拉玛依区,克拉玛依市,新疆维吾尔自治区
库车县,阿克苏地区,新疆维吾尔自治区
库尔勒市,巴音郭楞蒙古自治州,新疆维吾尔自治区
奎屯市,伊犁哈萨克自治州,新疆维吾尔自治区
轮台县,巴音郭楞蒙古自治州,新疆维吾尔自治区
洛浦县,和田地区,新疆维吾尔自治区
玛纳斯县,昌吉回族自治州,新疆维吾尔自治区
麦盖提县,喀什地区,新疆维吾尔自治区
米东区,乌鲁木齐市,新疆维吾尔自治区
民丰县,和田地区,新疆维吾尔自治区
墨玉县,和田地区,新疆维吾尔自治区
木垒哈萨克自治县,昌吉回族自治州,新疆维吾尔自治区
尼勒克县,伊犁哈萨克自治州,新疆维吾尔自治区
皮山县,和田地区,新疆维吾尔自治区
奇台县,昌吉回族自治州,新疆维吾尔自治区
且末县,巴音郭楞蒙古自治州,新疆维吾尔自治区
青河县,阿勒泰地区,新疆维吾尔自治区
若羌县,巴音郭楞蒙古自治州,新疆维吾尔自治区
沙湾县,塔城地区,新疆维吾尔自治区
沙雅县,阿克苏地区,新疆维吾尔自治区
沙依巴克区,乌鲁木齐市,新疆维吾尔自治区
莎车县,喀什地区,新疆维吾尔自治区
鄯善县,吐鲁番地区,新疆维吾尔自治区
石河子市,,新疆维吾尔自治区
疏附县,喀什地区,新疆维吾尔自治区
疏勒县,喀什地区,新疆维吾尔自治区
水磨沟区,乌鲁木齐市,新疆维吾尔自治区
塔城市,塔城地区,新疆维吾尔自治区
塔什库尔干塔吉克自治县,喀什地区,新疆维吾尔自治区
特克斯县,伊犁哈萨克自治州,新疆维吾尔自治区
天山区,乌鲁木齐市,新疆维吾尔自治区
头屯河区,乌鲁木齐市,新疆维吾尔自治区
图木舒克市,,新疆维吾尔自治区
吐鲁番市,吐鲁番地区,新疆维吾尔自治区
托克逊县,吐鲁番地区,新疆维吾尔自治区
托里县,塔城地区,新疆维吾尔自治区
尉犁县,巴音郭楞蒙古自治州,新疆维吾尔自治区
温泉县,博尔塔拉蒙古自治州,新疆维吾尔自治区
温宿县,阿克苏地区,新疆维吾尔自治区
乌尔禾区,克拉玛依市,新疆维吾尔自治区
乌鲁木齐县,乌鲁木齐市,新疆维吾尔自治区
乌恰县,克孜勒苏柯尔克孜自治州,新疆维吾尔自治区
乌什县,阿克苏地区,新疆维吾尔自治区
乌苏市,塔城地区,新疆维吾尔自治区
五家渠市,,新疆维吾尔自治区
新和县,阿克苏地区,新疆维吾尔自治区
新市区,乌鲁木齐市,新疆维吾尔自治区
新源县,伊犁哈萨克自治州,新疆维吾尔自治区
焉耆回族自治县,巴音郭楞蒙古自治州,新疆维吾尔自治区
叶城县,喀什地区,新疆维吾尔自治区
伊宁市,伊犁哈萨克自治州,新疆维吾尔自治区
伊宁县,伊犁哈萨克自治州,新疆维吾尔自治区
伊吾县,哈密地区,新疆维吾尔自治区
英吉沙县,喀什地区,新疆维吾尔自治区
于田县,和田地区,新疆维吾尔自治区
裕民县,塔城地区,新疆维吾尔自治区
岳普湖县,喀什地区,新疆维吾尔自治区
泽普县,喀什地区,新疆维吾尔自治区
昭苏县,伊犁哈萨克自治州,新疆维吾尔自治区
伊州区,哈密市,新疆维吾尔自治区
阿拉山口市,博尔塔拉蒙古自治州,新疆维吾尔自治区
高昌区,吐鲁番市,新疆维吾尔自治区
霍尔果斯市,伊犁哈萨克自治州,新疆维吾尔自治区
北屯市,自治区直辖县级行政单位,新疆维吾尔自治区
可克达拉市,自治区直辖县级行政单位,新疆维吾尔自治区
昆玉市,自治区直辖县级行政单位,新疆维吾尔自治区
双河市,自治区直辖县级行政单位,新疆维吾尔自治区
铁门关市,自治区直辖县级行政单位,新疆维吾尔自治区
安宁市,昆明市,云南省
宾川县,大理白族自治州,云南省
沧源佤族自治县,临沧市,云南省
昌宁县,保山市,云南省
呈贡区,昆明市,云南省
澄江县,玉溪市,云南省
楚雄市,楚雄彝族自治州,云南省
大关县,昭通市,云南省
大理市,大理白族自治州,云南省
大姚县,楚雄彝族自治州,云南省
德钦县,迪庆藏族自治州,云南省
东川区,昆明市,云南省
峨山彝族自治县,玉溪市,云南省
洱源县,大理白族自治州,云南省
凤庆县,临沧市,云南省
福贡县,怒江傈僳族自治州,云南省
富民县,昆明市,云南省
富宁县,文山壮族苗族自治州,云南省
富源县,曲靖市,云南省
个旧市,红河哈尼族彝族自治州,云南省
耿马傣族佤族自治县,临沧市,云南省
贡山独龙族怒族自治县,怒江傈僳族自治州,云南省
古城区,丽江市,云南省
官渡区,昆明市,云南省
广南县,文山壮族苗族自治州,云南省
河口瑶族自治县,红河哈尼族彝族自治州,云南省
鹤庆县,大理白族自治州,云南省
红河县,红河哈尼族彝族自治州,云南省
红塔区,玉溪市,云南省
华宁县,玉溪市,云南省
华坪县,丽江市,云南省
会泽县,曲靖市,云南省
建水县,红河哈尼族彝族自治州,云南省
剑川县,大理白族自治州,云南省
江城哈尼族彝族自治县,普洱市,云南省
江川县,玉溪市,云南省
金平苗族瑶族傣族自治县,红河哈尼族彝族自治州,云南省
晋宁县,昆明市,云南省
景东彝族自治县,普洱市,云南省
景谷傣族彝族自治县,普洱市,云南省
景洪市,西双版纳傣族自治州,云南省
开远市,红河哈尼族彝族自治州,云南省
兰坪白族普米族自治县,怒江傈僳族自治州,云南省
澜沧拉祜族自治县,普洱市,云南省
梁河县,德宏傣族景颇族自治州,云南省
临翔区,临沧市,云南省
龙陵县,保山市,云南省
隆阳区,保山市,云南省
陇川县,德宏傣族景颇族自治州,云南省
泸水县,怒江傈僳族自治州,云南省
泸西县,红河哈尼族彝族自治州,云南省
鲁甸县,昭通市,云南省
陆良县,曲靖市,云南省
禄丰县,楚雄彝族自治州,云南省
禄劝彝族苗族自治县,昆明市,云南省
罗平县,曲靖市,云南省
绿春县,红河哈尼族彝族自治州,云南省
麻栗坡县,文山壮族苗族自治州,云南省
马关县,文山壮族苗族自治州,云南省
马龙县,曲靖市,云南省
芒市,德宏傣族景颇族自治州,云南省
蒙自市,红河哈尼族彝族自治州,云南省
勐海县,西双版纳傣族自治州,云南省
勐腊县,西双版纳傣族自治州,云南省
孟连傣族拉祜族佤族自治县,普洱市,云南省
弥渡县,大理白族自治州,云南省
弥勒市,红河哈尼族彝族自治州,云南省
墨江哈尼族自治县,普洱市,云南省
牟定县,楚雄彝族自治州,云南省
南华县,楚雄彝族自治州,云南省
南涧彝族自治县,大理白族自治州,云南省
宁洱哈尼族彝族自治县,普洱市,云南省
宁蒗彝族自治县,丽江市,云南省
盘龙区,昆明市,云南省
屏边苗族自治县,红河哈尼族彝族自治州,云南省
麒麟区,曲靖市,云南省
巧家县,昭通市,云南省
丘北县,文山壮族苗族自治州,云南省
瑞丽市,德宏傣族景颇族自治州,云南省
师宗县,曲靖市,云南省
施甸县,保山市,云南省
石林彝族自治县,昆明市,云南省
石屏县,红河哈尼族彝族自治州,云南省
双柏县,楚雄彝族自治州,云南省
双江拉祜族佤族布朗族傣族自治县,临沧市,云南省
水富县,昭通市,云南省
思茅区,普洱市,云南省
嵩明县,昆明市,云南省
绥江县,昭通市,云南省
腾冲县,保山市,云南省
通海县,玉溪市,云南省
威信县,昭通市,云南省
巍山彝族回族自治县,大理白族自治州,云南省
维西傈僳族自治县,迪庆藏族自治州,云南省
文山市,文山壮族苗族自治州,云南省
五华区,昆明市,云南省
武定县,楚雄彝族自治州,云南省
西畴县,文山壮族苗族自治州,云南省
西盟佤族自治县,普洱市,云南省
西山区,昆明市,云南省
香格里拉市,迪庆藏族自治州,云南省
祥云县,大理白族自治州,云南省
新平彝族傣族自治县,玉溪市,云南省
宣威市,曲靖市,云南省
寻甸回族彝族自治县,昆明市,云南省
盐津县,昭通市,云南省
砚山县,文山壮族苗族自治州,云南省
漾濞彝族自治县,大理白族自治州,云南省
姚安县,楚雄彝族自治州,云南省
宜良县,昆明市,云南省
彝良县,昭通市,云南省
易门县,玉溪市,云南省
盈江县,德宏傣族景颇族自治州,云南省
永德县,临沧市,云南省
永平县,大理白族自治州,云南省
永仁县,楚雄彝族自治州,云南省
永善县,昭通市,云南省
永胜县,丽江市,云南省
玉龙纳西族自治县,丽江市,云南省
元江哈尼族彝族傣族自治县,玉溪市,云南省
元谋县,楚雄彝族自治州,云南省
元阳县,红河哈尼族彝族自治州,云南省
云龙县,大理白族自治州,云南省
云县,临沧市,云南省
沾益县,曲靖市,云南省
昭阳区,昭通市,云南省
镇康县,临沧市,云南省
镇雄县,昭通市,云南省
镇沅彝族哈尼族拉祜族自治县,普洱市,云南省
安吉县,湖州市,浙江省
北仑区,宁波市,浙江省
滨江区,杭州市,浙江省
苍南县,温州市,浙江省
常山县,衢州市,浙江省
淳安县,杭州市,浙江省
慈溪市,宁波市,浙江省
岱山县,舟山市,浙江省
德清县,湖州市,浙江省
定海区,舟山市,浙江省
东阳市,金华市,浙江省
洞头县,温州市,浙江省
奉化市,宁波市,浙江省
富阳市,杭州市,浙江省
拱墅区,杭州市,浙江省
海宁市,嘉兴市,浙江省
海曙区,宁波市,浙江省
海盐县,嘉兴市,浙江省
黄岩区,台州市,浙江省
嘉善县,嘉兴市,浙江省
建德市,杭州市,浙江省
江北区,宁波市,浙江省
江东区,宁波市,浙江省
江干区,杭州市,浙江省
江山市,衢州市,浙江省
椒江区,台州市,浙江省
金东区,金华市,浙江省
缙云县,丽水市,浙江省
景宁畲族自治县,丽水市,浙江省
开化县,衢州市,浙江省
柯城区,衢州市,浙江省
兰溪市,金华市,浙江省
乐清市,温州市,浙江省
莲都区,丽水市,浙江省
临安市,杭州市,浙江省
临海市,台州市,浙江省
龙泉市,丽水市,浙江省
龙湾区,温州市,浙江省
龙游县,衢州市,浙江省
鹿城区,温州市,浙江省
路桥区,台州市,浙江省
南湖区,嘉兴市,浙江省
南浔区,湖州市,浙江省
宁海县,宁波市,浙江省
瓯海区,温州市,浙江省
磐安县,金华市,浙江省
平湖市,嘉兴市,浙江省
平阳县,温州市,浙江省
浦江县,金华市,浙江省
普陀区,舟山市,浙江省
青田县,丽水市,浙江省
庆元县,丽水市,浙江省
衢江区,衢州市,浙江省
瑞安市,温州市,浙江省
三门县,台州市,浙江省
上城区,杭州市,浙江省
上虞市,绍兴市,浙江省
绍兴县,绍兴市,浙江省
嵊泗县,舟山市,浙江省
嵊州市,绍兴市,浙江省
松阳县,丽水市,浙江省
遂昌县,丽水市,浙江省
泰顺县,温州市,浙江省
天台县,台州市,浙江省
桐庐县,杭州市,浙江省
桐乡市,嘉兴市,浙江省
温岭市,台州市,浙江省
文成县,温州市,浙江省
吴兴区,湖州市,浙江省
武义县,金华市,浙江省
婺城区,金华市,浙江省
西湖区,杭州市,浙江省
下城区,杭州市,浙江省
仙居县,台州市,浙江省
象山县,宁波市,浙江省
萧山区,杭州市,浙江省
新昌县,绍兴市,浙江省
秀洲区,嘉兴市,浙江省
义乌市,金华市,浙江省
鄞州区,宁波市,浙江省
永嘉县,温州市,浙江省
永康市,金华市,浙江省
余杭区,杭州市,浙江省
余姚市,宁波市,浙江省
玉环县,台州市,浙江省
越城区,绍兴市,浙江省
云和县,丽水市,浙江省
长兴县,湖州市,浙江省
镇海区,宁波市,浙江省
诸暨市,绍兴市,浙江省
柯桥区,绍兴市,浙江省
巴南区,,重庆市
北碚区,,重庆市
璧山县,,重庆市
城口县,,重庆市
大渡口区,,重庆市
大足区,,重庆市
垫江县,,重庆市
丰都县,,重庆市
奉节县,,重庆市
涪陵区,,重庆市
合川区,,重庆市
江北区,,重庆市
江津区,,重庆市
九龙坡区,,重庆市
开县,,重庆市
梁平县,,重庆市
南岸区,,重庆市
南川区,,重庆市
彭水苗族土家族自治县,,重庆市
綦江区,,重庆市
黔江区,,重庆市
荣昌县,,重庆市
沙坪坝区,,重庆市
石柱土家族自治县,,重庆市
铜梁县,,重庆市
潼南县,,重庆市
万州区,,重庆市
巫山县,,重庆市
巫溪县,,重庆市
武隆县,,重庆市
秀山土家族苗族自治县,,重庆市
永川区,,重庆市
酉阳土家族苗族自治县,,重庆市
渝北区,,重庆市
渝中区,,重庆市
云阳县,,重庆市
长寿区,,重庆市
忠县,,重庆市
